customer_id,name,sex,race,age,class
415996-753LC5,Veklani  Daargen,female,Elf,661,Warlock
415997-8DRC11,Kasaki  Wygarthe,female,Half-Elf,100,Wizard
415998-ERTJ5P,Rosalyn  Faringray,female,Halfling,40,Barbarian
415999-HT0HL9,Atalya  Webb,female,Tiefling,55,Monk
416000-XPSEIM,Grenenzel  Lyfalia,female,Half-Orc,43,Bard
416001-VIHCWI,Venefiq  Welfer,female,Half-Orc,30,Rogue
416002-64CIYH,Vauldra  Moonridge,female,Drow,96,Fighter
416003-E7UR23,Ayrthwil  Ronefel,female,Dwarf,200,Druid
416004-GDPPQ0,Sachil  Garkalan,female,Halfling,21,Warlock
416005-Y9DOM5,Veklani  Welfer,female,Half-Orc,41,Sorcerer
416006-IGQPKI,Rokel Arkalis,female,Half-Elf,20,Wizard
416007-7P5TB9,Irva  Cresthill,female,Half-Orc,25,Barbarian
416008-4874FR,Thurlfara  Gullscream,female,Half-Elf,51,Monk
416009-HOCN9J,Ayrthwil  Danamark,female,Half-Elf,120,Warlock
416010-2QP89U,Azura  Wilxes,female,Human,90,Monk
416011-ZFK8UT,Praxana  Faringray,female,Githyanki,61,Wizard
416012-0CVS4F,Aryllan  Cuttlescar,female,Elf,144,Cleric
416013-8CGVYI,Marnia  Shattermast,female,Dwarf,300,Sorcerer
416014-E6IVWP,Kasaki  Hackshield,female,Dragonborn,54,Wizard
416015-VS7HZI,Lokara  Ereghast,female,Dwarf,52,Monk
416016-OYKL1C,Azura  Thirya,female,Human,70,Rogue
416017-Q99CHJ,Sachil  Fletcher,female,Elf,450,Barbarian
416018-755NF4,Krystolari  Garkalan,female,Human,15,Warlock
416019-ZW9XA3,Pharana Aryllan,female,Dragonborn,21,Paladin
416020-KX7EED,Pharana  Leerstrom,female,Half-Orc,28,Paladin
416021-TJVZHW,Mirabel  Sell,female,Halfling,37,Warlock
416022-JR64DP,Vencia  Bilger,female,Half-Orc,34,Warlock
416023-JA1WJ0,Roksana  Roxley,female,Half-Orc,30,Barbarian
416024-TPAC56,Praxana  Zereni,female,Githyanki,231,Bard
416025-T4UFEL,Vencia  Shanks,female,Githyanki,249,Druid
416026-6246HI,Rosalyn  Shattermast,female,Elf,604,Rogue
416027-D25OWF,Ronefel  Cuttlescar,female,Githyanki,200,Cleric
416028-75935A,Saidi  Roxley,female,Githyanki,226,Wizard
416029-0L7253,Krystolari  Zatchet,female,Half-Orc,47,Fighter
416030-J2D54I,Kasaki  Deepmiddens,female,Drow,119,Bard
416031-3QK2IA,Marnia  Goldrudder,female,Dwarf,94,Cleric
416032-GL58KX,Tylsa  Evermead,female,Elf,367,Ranger
416033-O9T7E8,Xandrilla  Goldrudder,female,Dragonborn,33,Barbarian
416034-G8JDP0,Atalya  Drumwind,female,Half-Orc,58,Fighter
416035-LVSNUJ,Pharana  Zatchet,female,Elf,291,Sorcerer
416036-ZA7TZ0,Fenryl  Markolak,female,Githyanki,140,Druid
416037-YNCXLL,Marnia  Stavenger,female,Dragonborn,25,Wizard
416038-4ZKLOO,Ronefel  Wintermere,female,Tiefling,54,Rogue
416039-KEP7Y6,Rokel  Swiller,female,Dwarf,162,Paladin
416040-WKTAKP,Hallan  Towerfall,female,Githyanki,38,Cleric
416041-UXQPHR,Grenenzel  Ratley,female,Dwarf,292,Warlock
416042-62GDSW,Praxana  Armanci,female,Githyanki,120,Wizard
416043-M31YIH,Sachil  Lynchfield,female,Dragonborn,46,Barbarian
416044-AIR4CO,Roksana  Seratolva,female,Tiefling,98,Fighter
416045-WGZRIX,Vencia  Coyle,female,Elf,485,Fighter
416046-A11DPG,Irva  Silvertarn,female,Elf,522,Rogue
416047-8SBI4Q,Sachil  Donoghan,female,Half-Orc,37,Monk
416048-2Y9V86,Pharana  Roxley,female,Drow,105,Bard
416049-WZS3T6,Atalya  Danamark,female,Dragonborn,48,Monk
416050-0RJIW1,Velene Arkalis,female,Tiefling,55,Ranger
416051-SWJCKJ,Lurka  Vrye,female,Gnome,139,Sorcerer
416052-LTEIYZ,Ayrthwil  Shaulfer,female,Tiefling,39,Wizard
416053-COTOHP,Fenryl  Cuttlescar,female,Human,87,Bard
416054-6VZ41N,Saidi  Carnavon,female,Gnome,171,Sorcerer
416055-AM148P,Kasaki  Webb,female,Gnome,142,Ranger
416056-0TVHHP,Veklani  Coyle,female,Drow,115,Bard
416057-BMYOFQ,Kasaki  Skandalor,female,Half-Orc,55,Bard
416058-EWAOUA,Atalya  Zatchet,female,Githyanki,226,Bard
416059-XEQBNH,Lokara  Silvergraft,female,Dwarf,152,Cleric
416060-L1N13J,Tylsa  Velene,female,Half-Elf,47,Wizard
416061-CAT9MX,Lyfalia  Caskajaro,female,Human,32,Bard
416062-2X18HA,Atalya  Falck,female,Githyanki,136,Cleric
416063-FEYUHZ,Mirabel  Cresthill,female,Gnome,111,Monk
416064-1GV0E3,Mirabel  Varzand,female,Dragonborn,53,Sorcerer
416065-8DALY8,Xandrilla  Cresthill,female,Tiefling,56,Warlock
416066-OZCYWD,Lokara  Strong,female,Dragonborn,25,Barbarian
416067-14VE92,Zebel  Markolak,female,Gnome,136,Cleric
416068-MPNSM4,Remora  Goldrudder,female,Elf,670,Barbarian
416069-3D8W3Z,Mirabel  Daargen,female,Githyanki,190,Druid
416070-P08J3T,Grenenzel  Vrye,female,Dwarf,286,Warlock
416071-RP0J43,Vauldra  Silvergraft,female,Githyanki,169,Monk
416072-D5IQVN,Lokara  Caskajaro,female,Dragonborn,38,Ranger
416073-B4GH2M,Roksana  Venefiq,female,Half-Orc,36,Bard
416074-5ZJA8D,Lorelei  Stormchapel,female,Tiefling,72,Wizard
416075-ZR1YXR,Tura Arkalis,female,Human,27,Druid
416076-2DHYLU,Sachil  Lamoth,female,Drow,115,Fighter
416077-RTP0LZ,Ayrthwil  Ramcrown,female,Half-Elf,82,Warlock
416078-JJEGET,Dalkon  Venefiq,male,Tiefling,73,Warlock
416079-1GHR09,Tavon  Cuttlescar,male,Githyanki,207,Druid
416080-SKDGIG,Semil  Rockharvest,male,Tiefling,57,Wizard
416081-ATJ9TZ,Hagar  Thirya,male,Tiefling,81,Wizard
416082-E5R5UQ,Namen  Gullscream,male,Human,60,Cleric
416083-PGB7R3,Lavant  Strong,male,Half-Orc,41,Fighter
416084-OCWBFU,Dodd  Lyfalia,male,Elf,452,Barbarian
416085-K9E1V2,Meklan  Evermead,male,Halfling,74,Paladin
416086-ISQP49,Navaren  Leerstrom,male,Elf,567,Wizard
416087-KWV08H,Gryphero  Atalya,male,Gnome,167,Fighter
416088-HXFGCA,Norris  Cresthill,male,Githyanki,135,Cleric
416089-QVKIZZ,Eandro  Welfer,male,Elf,562,Fighter
416090-QY72WX,Fenton  Revenmar,male,Human,18,Cleric
416091-7PTX63,Meklan  Stavenger,male,Tiefling,88,Sorcerer
416092-CFL0UK,Tegan  Zethergyll,male,Half-Elf,18,Monk
416093-EYZ7SR,Falken  Grantham,male,Dwarf,265,Paladin
416094-CBPLJD,Cale Ambershard,male,Halfling,31,Druid
416095-84U89Y,Jeras  Thirya,male,Elf,233,Druid
416096-JB1QX6,Sevenson  Thirya,male,Half-Elf,93,Fighter
416097-GVWRDM,Ningyan  Vrye,male,Gnome,137,Druid
416098-LY4LYK,Dungarth  Stormchapel,male,Dwarf,174,Cleric
416099-83TQLL,Tamond  Ramcrown,male,Halfling,94,Fighter
416100-8OS9XT,Eandro  Silvergraft,male,Drow,211,Fighter
416101-OGN1W1,Malfier  Talandro,male,Halfling,67,Wizard
416102-HT7PZE,Malfier  Swiller,male,Dwarf,115,Ranger
416103-9VIFTT,Fenton  Seratolva,male,Halfling,99,Fighter
416104-D96QE3,Dungarth  Skandalor,male,Dwarf,328,Bard
416105-RZSJ49,Hagar  Shattermast,male,Dwarf,339,Ranger
416106-ITN7S5,Dungarth  Grantham,male,Elf,390,Monk
416107-5J2O7S,Ningyan  Ayrthwil,male,Human,21,Sorcerer
416108-3KKV9R,Meklan  Blackstrand,male,Halfling,70,Monk
416109-FTMTTQ,Dungarth  Dunhall,male,Dwarf,114,Monk
416110-LGZUI1,Hagar  Zarkanan,male,Tiefling,68,Warlock
416111-B0Z3NX,Nilus  Wintermere,male,Githyanki,201,Rogue
416112-39RBSV,Nerle  Cuttlescar,male,Dragonborn,15,Ranger
416113-55PSQ0,Nilus Aryllan,male,Githyanki,148,Warlock
416114-OXFQ8M,Dodd  Swiller,male,Dwarf,315,Warlock
416115-YX444N,Nerle  Welfer,male,Dwarf,285,Cleric
416116-LZ15BC,Semil  Van Gandt,male,Half-Elf,122,Barbarian
416117-W790PD,Dalkon  Redraven,male,Tiefling,23,Sorcerer
416118-W5PY6B,Dodd  Welfer,male,Human,25,Paladin
416119-2KNFTU,Meklan  Van Devries,male,Elf,146,Cleric
416120-2GC5WI,Gryphero  Silvertarn,male,Drow,149,Rogue
416121-6FQJJA,Steveren  Cuttlescar,male,Dwarf,104,Sorcerer
416122-26YFPM,Lavant  Zereni,male,Drow,165,Druid
416123-VXPJ4H,Leyten  Armanci,male,Half-Elf,91,Wizard
416124-NRIUU9,Dungarth  Van Gandt,male,Elf,189,Paladin
416125-K9XJUY,Dungarth  Ayrthwil,male,Halfling,57,Monk
416126-0BVR6K,Dodd  Van Gandt,male,Tiefling,89,Warlock
416127-2VMWWY,Sevenson  Roxley,male,Half-Elf,76,Warlock
416128-ZX4W6X,Eandro  Brightwater,male,Drow,164,Fighter
416129-LPU0DK,Bram  Dunhall,male,Half-Orc,15,Druid
416130-0GET8T,Lavant  Evermead,male,Dwarf,112,Monk
416131-63J3R3,Anlow  Zethergyll,male,Dragonborn,80,Wizard
416132-0ME8F8,Daylen  Danamark,male,Human,21,Rogue
416133-40982N,Markus  Zatchet,male,Drow,132,Rogue
416134-2ATQYY,Lavant  Sell,male,Half-Elf,81,Wizard
416135-V37DIA,Dalkon  Fletcher,male,Half-Elf,33,Fighter
416136-5U6HC3,Lavant  Talandro,male,Dragonborn,78,Bard
416137-6KOF8K,Norris  Silvergraft,male,Drow,114,Rogue
416138-RD5EQY,Madian  Ronefel,male,Dragonborn,43,Druid
416139-08P0FO,Feck  Kroft,male,Tiefling,98,Fighter
416140-DRO8BN,Nerle  Coyle,male,Dragonborn,34,Druid
416141-P84DYT,Nilus  Strong,male,Dwarf,204,Ranger
416142-9MOGE4,Taran  Zatchet,male,Elf,733,Fighter
416143-QXXVA2,Lavant  Dunhall,male,Drow,159,Barbarian
416144-IEUC1H,Steveren  Seratolva,male,Githyanki,214,Bard
416145-H5LF6A,Dalkon  Armanci,male,Dwarf,53,Rogue
416146-4FEJGX,Sevenson  Ramcrown,male,Tiefling,79,Warlock
416147-AA2ILG,Dyrk  Danamark,male,Human,40,Warlock
416148-B0S0R2,Dyrk  Varzand,male,Dragonborn,29,Cleric
416149-SDS8B2,Madian  Towerfall,male,Dragonborn,23,Ranger
416150-5SQ8CR,Tamond  Coyle,male,Drow,80,Cleric
416151-OYR6CC,Norris  Copperhearth,male,Half-Orc,21,Ranger
416152-VCJWTL,Navaren  Drakantal,male,Gnome,90,Sorcerer
416153-9TQVDZ,Talfen  Ratley,male,Drow,213,Monk
416154-4X1ZHQ,Daylen  Wilxes,male,Elf,189,Monk
416155-IMQODP,Lavant  Ayrthwil,male,Dwarf,176,Sorcerer
416156-XNF7C3,Dungarth  Wygarthe,male,Halfling,46,Paladin
416157-DD03UV,Cale  Shanks,male,Human,28,Warlock
416158-ULEMX1,Leyten  Grantham,male,Halfling,80,Sorcerer
416159-5Z8VMU,Jeras  Skandalor,male,Dwarf,62,Barbarian
416160-HXID4N,Bram  Drakantal,male,Githyanki,243,Monk
416161-1U3493,Navaren  Daargen,male,Gnome,189,Wizard
416162-WXA73J,Dodd  Armanci,male,Halfling,76,Bard
416163-GZLMA5,Dungarth  Graylock,male,Dwarf,250,Warlock
416164-UOFWB0,Meklan  Talandro,male,Elf,146,Monk
416165-HPMNZ1,Nilus  Daargen,male,Dragonborn,30,Barbarian
416166-UDBFWY,Semil  Garkalan,male,Half-Orc,31,Cleric
416167-JXRPJ1,Namen  Webb,male,Githyanki,133,Paladin
416168-EPKYRY,Steveren  Wygarthe,male,Tiefling,78,Ranger
416169-BOVAKH,Norris  Swiller,male,Half-Orc,23,Monk
416170-EJLA0G,Jeras  Grimtor,male,Drow,140,Monk
416171-NZS43C,Markus  Dalicarlia,male,Dragonborn,48,Warlock
416172-5BA75U,Lavant  Daargen,male,Dragonborn,71,Bard
416173-UZPEAL,Tavon  Lamoth,male,Drow,111,Cleric
416174-2W37D4,Quentin  Markolak,male,Half-Orc,39,Monk
416175-IVSOLM,Falken  Zereni,male,Githyanki,67,Fighter
416176-LGSES6,Norris  Rockharvest,male,Drow,85,Cleric
416177-M033IF,Quentin  Ramcrown,male,Half-Orc,23,Ranger
416178-HV1XG1,Namen  Barrelhelm,male,Half-Elf,33,Rogue
416179-R11Q7U,Leyten  Thirya,male,Dwarf,173,Cleric
416180-WW5WFC,Taran  Varzand,male,Dragonborn,36,Barbarian
416181-PKJCSL,Ningyan  Kreel,male,Elf,613,Ranger
416182-QC3C54,Gryphero  Voortham,male,Dragonborn,40,Sorcerer
416183-WSQT26,Anlow  Voortham,male,Elf,577,Ranger
416184-Q3XLRF,Dyrk  Coldshore,male,Half-Elf,76,Sorcerer
416185-CD6MZS,Dyrk  Pyncion,male,Half-Elf,52,Sorcerer
416186-GIPPSF,Leyten  Fryft,male,Dwarf,198,Wizard
416187-NKOMV2,Eandro  Targana,male,Gnome,85,Paladin
416188-XCDYK0,Krynt  Grimtor,male,Tiefling,92,Wizard
416189-X65MUF,Dyrk  Faringray,male,Githyanki,156,Paladin
416190-M8ZOV7,Talfen  Atalya,male,Elf,466,Ranger
416191-LN23Y3,Quentin  Rockharvest,male,Tiefling,52,Druid
416192-0YSXPN,Dodd  Irongull,male,Half-Elf,65,Fighter
416193-NGH8RI,Talfen  Sell,male,Tiefling,66,Wizard
416194-EC4D14,Norris  Netheridge,male,Drow,107,Monk
416195-5BM1EN,Gryphero  Roxley,male,Halfling,79,Sorcerer
416196-F313FP,Anlow  Van Hyden,male,Dwarf,263,Monk
416197-OYIPK0,Vanan  Van Gandt,male,Drow,188,Ranger
416198-QTL3Q4,Anlow  Evermead,male,Elf,241,Warlock
416199-N89QKN,Dalkon  Danamark,male,Drow,87,Paladin
416200-S832EJ,Vincent  Blackstrand,male,Githyanki,102,Fighter
416201-X5TD44,Markus  Wintermere,male,Gnome,177,Barbarian
416202-K1J6FP,Talfen  Daargen,male,Drow,110,Druid
416203-8HQMAB,Tavon  Coyle,male,Human,87,Rogue
416204-SI9NB7,Malfier  Targana,male,Gnome,159,Bard
416205-4X2EK3,Tegan  Drakantal,male,Drow,82,Paladin
416206-ZEZQAC,Namen  Redraven,male,Gnome,137,Paladin
416207-J4T0SE,Dodd  Falck,male,Drow,88,Fighter
416208-KKBP2Q,Talfen  Hindergrass,male,Dragonborn,71,Sorcerer
416209-D6VASI,Fenton  Redraven,male,Human,20,Paladin
416210-FPWIOX,Vanan  Varcona,male,Dwarf,231,Sorcerer
416211-D9CSS9,Leyten  Ronefel,male,Dwarf,121,Barbarian
416212-TOQW9J,Dalkon  Swiller,male,Half-Elf,74,Cleric
416213-A2M0W1,Talfen  Wintermere,male,Half-Orc,58,Rogue
416214-0LBT3G,Vincent  Cresthill,male,Gnome,177,Cleric
416215-2QZW3C,Cale  Zereni,male,Human,50,Fighter
416216-1QKBHB,Talfen  Caskajaro,male,Dwarf,54,Sorcerer
416217-7S9TJ1,Cale  Ramcrown,male,Tiefling,37,Wizard
416218-GM25LE,Norris  Irongull,male,Half-Elf,60,Rogue
416219-N606N9,Sevenson  Lamoth,male,Dwarf,306,Druid
416220-RR7S20,Hagar  Zereni,male,Tiefling,81,Sorcerer
416221-CV3TLC,Taran  Drakantal,male,Tiefling,43,Cleric
416222-XLVPYM,Eandro  Coyle,male,Githyanki,119,Cleric
416223-B5M9J9,Falken  Armanci,male,Human,82,Warlock
416224-8CWN2Y,Bram  Ereghast,male,Githyanki,129,Monk
416225-8FV2BC,Falken  Daargen,male,Gnome,191,Barbarian
416226-2NNUVY,Arando Arkalis,male,Drow,96,Bard
416227-8N1UTO,Jeras  Dalicarlia,male,Githyanki,74,Fighter
416228-XIE0RN,Talfen  Fallenbridge,male,Halfling,39,Cleric
416229-UJJQ9K,Steveren  Ramcrown,male,Tiefling,62,Monk
416230-6RE4Q6,Tavon  Silvergraft,male,Gnome,146,Ranger
416231-QDY4LM,Dodd  Zereni,male,Githyanki,147,Paladin
416232-CT64Z7,Gryphero  Webb,male,Drow,115,Cleric
416233-W2SEHE,Fenton  Varzand,male,Dragonborn,50,Ranger
416234-2ATN2T,Anlow  Ereghast,male,Dwarf,205,Barbarian
416235-WDL9ZS,Quentin  Coyle,male,Tiefling,67,Warlock
416236-13C9XQ,Hagar  Pyncion,male,Dwarf,84,Cleric
416237-YM52XG,Krynt  Lamoth,male,Gnome,183,Druid
416238-8P6BEF,Talfen  Swiller,male,Dwarf,242,Cleric
416239-FLZM76,Nerle  Daargen,male,Half-Elf,75,Fighter
416240-4JWTEK,Ningyan  Daargen,male,Halfling,97,Fighter
416241-TSG7FX,Norris  Seratolva,male,Halfling,43,Bard
416242-ZV4U3B,Zebel  Ereghast,female,Drow,209,Cleric
416243-BXUX1O,Grenenzel  Copperhearth,female,Drow,214,Druid
416244-XRWK8R,Xandrilla  Pyncion,female,Human,48,Druid
416245-2YKCCP,Velene  Hackshield,female,Half-Elf,31,Paladin
416246-RHVLZ0,Lyfalia  Ayrthwil,female,Githyanki,208,Bard
416247-49ENUL,Thirya  Grantham,female,Dwarf,215,Wizard
416248-QJIDKN,Marnia  Vrye,female,Drow,169,Druid
416249-WI5FLU,Lurka  Bilger,female,Gnome,163,Cleric
416250-L1RSRL,Sachil  Webb,female,Dwarf,84,Warlock
416251-A8S8HM,Zebel  Van Gandt,female,Dwarf,73,Rogue
416252-BR5XQT,Velene Ambershard,female,Half-Elf,18,Monk
416253-4P501N,Rokel  Fryft,female,Gnome,100,Barbarian
416254-OUHTCS,Sachil  Cresthill,female,Gnome,119,Ranger
416255-1K9YE9,Aryllan  Zethergyll,female,Halfling,32,Cleric
416256-O2M71H,Remora  Hackshield,female,Half-Elf,100,Monk
416257-SSBELR,Krystolari  Wilxes,female,Halfling,33,Bard
416258-QVSLWF,Remora  Welfer,female,Half-Elf,78,Ranger
416259-90KM3T,Lyfalia  Varzand,female,Human,75,Rogue
416260-ZK3NY9,Thirya  Dalicarlia,female,Tiefling,58,Warlock
416261-V20YAR,Xandrilla  Grantham,female,Gnome,119,Paladin
416262-821UZV,Xandrilla  Falck,female,Dwarf,171,Wizard
416263-GWW4FY,Irva  Hindergrass,female,Tiefling,30,Druid
416264-B8DALF,Zebel  Lamoth,female,Elf,268,Ranger
416265-YO1750,Tura Ambershard,female,Half-Elf,108,Warlock
416266-CEHLXS,Vencia  Zethergyll,female,Half-Elf,64,Paladin
416267-LG6MM1,Vencia  Cresthill,female,Half-Orc,60,Ranger
416268-ZXYVGI,Hallan  Copperhearth,female,Halfling,73,Wizard
416269-UI9KKH,Azura  Graylock,female,Half-Orc,16,Druid
416270-ZLM72J,Irva  Grimtor,female,Half-Orc,15,Bard
416271-EYN938,Veklani  Varzand,female,Halfling,98,Paladin
416272-2KKZMP,Beyla  Lamoth,female,Half-Orc,28,Cleric
416273-JRHT7Z,Tylsa  Webb,female,Half-Orc,19,Monk
416274-EWVIYT,Vronwe  Cuttlescar,female,Elf,128,Cleric
416275-WBOZD1,Brey  Graylock,female,Half-Elf,123,Paladin
416276-AT7O75,Sachil  Velene,female,Drow,98,Monk
416277-RH8LX6,Lorelei  Revenmar,female,Human,71,Fighter
416278-DUT076,Ronefel  Towerfall,female,Half-Elf,112,Warlock
416279-G5G79O,Rosalyn  Rockharvest,female,Half-Orc,35,Wizard
416280-R7875A,Roksana  Coyle,female,Human,18,Paladin
416281-UD9K9T,Rosalyn  Van Gandt,female,Elf,268,Sorcerer
416282-R74QGE,Ronefel  Venefiq,female,Drow,162,Paladin
416283-FQJG02,Marnia  Leerstrom,female,Elf,200,Rogue
416284-U1G463,Venefiq  Barrelhelm,female,Gnome,175,Bard
416285-SDYGFL,Remora  Moonridge,female,Dragonborn,63,Monk
416286-IJI18K,Ronefel  Wygarthe,female,Elf,226,Ranger
416287-0AXYCE,Grenenzel  Welfer,female,Dragonborn,40,Warlock
416288-LOS6ZL,Krystolari  Roxley,female,Gnome,110,Wizard
416289-E6KWHE,Thurlfara  Evermead,female,Half-Orc,28,Sorcerer
416290-F0VOTQ,Hallan  Fletcher,female,Halfling,82,Barbarian
416291-TXHI15,Mirabel  Zereni,female,Dwarf,274,Druid
416292-CQZCUC,Zebel  Cuttlescar,female,Drow,153,Sorcerer
416293-TSUFLS,Zebel  Zatchet,female,Dragonborn,43,Cleric
416294-EHUDS3,Fenryl  Leerstrom,female,Gnome,111,Druid
416295-QSQCQ3,Praxana  Lynchfield,female,Gnome,101,Monk
416296-0O30UB,Azura  Evermead,female,Dwarf,272,Monk
416297-MC97C7,Mirabel  Caskajaro,female,Githyanki,238,Monk
416298-BO119X,Brey  Fallenbridge,female,Halfling,87,Rogue
416299-P9N56N,Marnia  Grimtor,female,Dwarf,148,Barbarian
416300-YXTXMG,Venefiq  Vrye,female,Half-Orc,17,Sorcerer
416301-TT0IAA,Ronefel  Welfer,female,Half-Elf,89,Sorcerer
416302-KYTT3I,Grenenzel  Varzand,female,Elf,114,Paladin
416303-MJ70E3,Praxana  Strong,female,Elf,734,Bard
416304-P15AHD,Venefiq  Revenmar,female,Elf,188,Warlock
416305-BVZB0O,Thurlfara  Ratley,female,Dragonborn,41,Druid
416306-IH5CSK,Marnia  Oakenheart,female,Dwarf,67,Cleric
416307-30LVYL,Hallan  Shanks,female,Drow,115,Ranger
416308-KFXHKC,Thurlfara Aryllan,female,Dwarf,52,Druid
416309-856WPR,Lyfalia  Hindergrass,female,Half-Elf,61,Barbarian
416310-97Y2LO,Vronwe  Carnavon,female,Dragonborn,67,Druid
416311-FN1R4K,Marnia  Blackstrand,female,Half-Elf,87,Fighter
416312-Z36U8U,Saidi  Ereghast,female,Gnome,199,Paladin
416313-EIHX74,Krystolari  Silvertarn,female,Dragonborn,24,Bard
416314-D0GJYV,Mirabel  Zethergyll,female,Drow,167,Monk
416315-5G10UR,Marnia  Roxley,female,Tiefling,40,Paladin
416316-5L8A78,Irva  Velene,female,Human,82,Warlock
416317-E9RIVH,Mirabel  Irongull,female,Drow,207,Cleric
416318-6T1NTM,Lokara  Iscalon,female,Halfling,44,Paladin
416319-JSRD9Q,Thurlfara  Leerstrom,female,Human,41,Cleric
416320-46NOUH,Lorelei  Umbermoor,female,Dwarf,342,Fighter
416321-FJ7UPF,Mirabel Aryllan,female,Dragonborn,75,Fighter
416322-LN4RXY,Azura  Netheridge,female,Dwarf,306,Paladin
416323-J38XRG,Remora  Atalya,female,Gnome,150,Warlock
416324-2GZR7T,Hallan  Hackshield,female,Dwarf,232,Ranger
416325-XCB48Y,Fenryl  Venefiq,female,Drow,223,Barbarian
416326-1O4IZA,Pharana  Zarkanan,female,Elf,231,Fighter
416327-SNWYWR,Venefiq  Varzand,female,Drow,97,Paladin
416328-RATATJ,Brey  Coldshore,female,Dragonborn,71,Cleric
416329-9A3Y36,Azura  Stormchapel,female,Human,69,Cleric
416330-DDFGS3,Irva Aryllan,female,Half-Elf,95,Paladin
416331-JONOU9,Saidi  Shattermast,female,Dwarf,242,Warlock
416332-IY4X41,Aryllan  Sell,female,Dwarf,86,Rogue
416333-DNTCAG,Tanika Ambershard,female,Halfling,92,Bard
416334-RP2U4D,Ronefel  Graylock,female,Dwarf,90,Ranger
416335-TBH55R,Fenryl  Netheridge,female,Half-Orc,20,Bard
416336-BC76UB,Vronwe  Blackstrand,female,Githyanki,230,Monk
416337-7L8V1Z,Ronefel  Dunhall,female,Halfling,86,Warlock
416338-OCFI4O,Tanika  Shanks,female,Half-Elf,53,Wizard
416339-6L1F90,Lurka  Swiller,female,Gnome,85,Bard
416340-S9BP4M,Aryllan  Leerstrom,female,Halfling,35,Warlock
416341-18O1BJ,Hallan  Zethergyll,female,Tiefling,80,Paladin
416342-9RM7PY,Fenryl  Irva,female,Dragonborn,44,Barbarian
416343-XDW2ZC,Tylsa  Kreel,female,Githyanki,43,Cleric
416344-FZW0LD,Tanika  Wygarthe,female,Drow,218,Monk
416345-ALMJEG,Grenenzel  Deepmiddens,female,Dwarf,219,Cleric
416346-QTOAMD,Pharana  Dunhall,female,Dragonborn,17,Sorcerer
416347-VLNKND,Grenenzel  Coldshore,female,Tiefling,45,Rogue
416348-669UGN,Ronefel  Ratley,female,Dragonborn,52,Paladin
416349-EKRCPP,Brey Aryllan,female,Human,47,Warlock
416350-RCJIWV,Ronefel  Stormchapel,female,Dwarf,249,Ranger
416351-HDK8LW,Kasaki  Talandro,female,Half-Orc,57,Barbarian
416352-2LM349,Venefiq  Ereghast,female,Dwarf,233,Ranger
416353-EL8HL8,Beyla  Revenmar,female,Dragonborn,23,Warlock
416354-8KZRUI,Roksana  Dalicarlia,female,Half-Elf,35,Warlock
416355-N3OEUV,Lyfalia  Wintermere,female,Half-Elf,51,Paladin
416356-TYT8QZ,Brey  Danamark,female,Tiefling,26,Paladin
416357-PKY32O,Remora  Lamoth,female,Halfling,88,Barbarian
416358-RWIXZ2,Ronefel  Irva,female,Half-Orc,48,Fighter
416359-C9ROS7,Sachil  Redraven,female,Githyanki,91,Paladin
416360-YT2M6T,Pharana  Skandalor,female,Human,81,Fighter
416361-WD1XMX,Fenton  Van Gandt,male,Half-Orc,51,Wizard
416362-B9YO18,Feck  Dunhall,male,Githyanki,158,Warlock
416363-PAJSSU,Arando  Irongull,male,Elf,409,Bard
416364-UQO1VS,Semil  Copperhearth,male,Half-Elf,66,Sorcerer
416365-MADO8E,Navaren  Coldshore,male,Dwarf,79,Ranger
416366-7FLQHR,Lavant  Varcona,male,Githyanki,169,Rogue
416367-RPZLK3,Meklan  Danamark,male,Drow,108,Monk
416368-E4XYF9,Malfier  Van Gandt,male,Half-Orc,49,Ranger
416369-IGFU8I,Talfen  Wilxes,male,Half-Elf,75,Wizard
416370-OGXPBW,Vanan  Silvergraft,male,Dwarf,184,Monk
416371-HVNZH1,Daylen  Carnavon,male,Elf,120,Rogue
416372-3CD5GL,Dalkon  Towerfall,male,Half-Elf,19,Monk
416373-QJ5SXV,Dungarth  Zatchet,male,Human,58,Bard
416374-WVM4W3,Anlow  Copperhearth,male,Dragonborn,68,Cleric
416375-ZKWDEE,Hagar  Zethergyll,male,Elf,357,Paladin
416376-KGYSPE,Meklan  Shaulfer,male,Half-Elf,40,Rogue
416377-NGWYX9,Vincent  Gullscream,male,Dwarf,221,Paladin
416378-TRFLQB,Vanan  Towerfall,male,Half-Orc,60,Warlock
416379-MAE38S,Tamond  Wygarthe,male,Human,22,Bard
416380-RYO4RC,Meklan  Garkalan,male,Drow,115,Cleric
416381-B1KJTG,Arando  Fallenbridge,male,Halfling,46,Barbarian
416382-Q01TEE,Sevenson  Skandalor,male,Halfling,90,Monk
416383-13N3BZ,Feck  Iscalon,male,Gnome,144,Wizard
416384-T9D31K,Namen  Zatchet,male,Tiefling,24,Sorcerer
416385-9QM3P9,Madian  Evermead,male,Tiefling,47,Fighter
416386-1I3VMZ,Cale  Lyfalia,male,Half-Elf,78,Druid
416387-WFFHHC,Meklan  Markolak,male,Half-Elf,24,Rogue
416388-MKTLZK,Dalkon  Dalicarlia,male,Dwarf,338,Sorcerer
416389-J49YD8,Dungarth  Lyfalia,male,Dragonborn,19,Wizard
416390-2795E5,Tamond  Drumwind,male,Gnome,148,Ranger
416391-IZ31YR,Krynt  Donoghan,male,Tiefling,26,Paladin
416392-UJOQW5,Madian  Fryft,male,Half-Elf,68,Barbarian
416393-DSK7N8,Ningyan  Netheridge,male,Elf,702,Ranger
416394-LA100Q,Anlow  Thirya,male,Githyanki,219,Fighter
416395-XMCTHP,Lavant  Cresthill,male,Drow,100,Barbarian
416396-HJ3MUU,Navaren  Brightwater,male,Drow,221,Bard
416397-RMYBD2,Hagar  Kroft,male,Drow,202,Ranger
416398-QE4PA8,Arando  Zatchet,male,Gnome,93,Ranger
416399-HYEXF7,Feck  Targana,male,Human,49,Monk
416400-JXJN6F,Semil  Armanci,male,Gnome,70,Barbarian
416401-OKZIXZ,Tavon  Ratley,male,Dragonborn,28,Sorcerer
416402-AREIYA,Namen  Vrye,male,Elf,126,Warlock
416403-Z39PEC,Dyrk  Shanks,male,Githyanki,157,Monk
416404-N0DL5E,Talfen  Barrelhelm,male,Dwarf,309,Fighter
416405-11E9FT,Leyten Ambershard,male,Half-Orc,26,Paladin
416406-AXP0WF,Eandro  Cuttlescar,male,Drow,169,Monk
416407-OY4DD1,Falken  Sell,male,Drow,190,Warlock
416408-VN8LFJ,Meklan  Carnavon,male,Elf,579,Fighter
416409-DTVV2Y,Taran  Markolak,male,Human,53,Barbarian
416410-4XKSS0,Nerle  Carnavon,male,Dragonborn,44,Rogue
416411-KB68RE,Fenton  Daargen,male,Githyanki,35,Fighter
416412-RVT997,Nilus  Dalicarlia,male,Elf,146,Cleric
416413-E4UNY1,Norris  Kroft,male,Half-Orc,13,Fighter
416414-81ACJB,Tamond  Zethergyll,male,Elf,290,Monk
416415-C2SWSO,Navaren  Graylock,male,Tiefling,85,Paladin
416416-ZCTWJL,Madian  Dunhall,male,Dragonborn,63,Barbarian
416417-SH3TOW,Anlow  Netheridge,male,Elf,108,Ranger
416418-4YCZ04,Norris  Hindergrass,male,Githyanki,171,Monk
416419-CDPQVL,Taran  Hindergrass,male,Drow,203,Fighter
416420-00EZZF,Arando  Sell,male,Human,21,Warlock
416421-8S2ZGE,Dungarth  Varzand,male,Human,64,Barbarian
416422-2J51B3,Talfen  Markolak,male,Dragonborn,63,Sorcerer
416423-JCZUCQ,Lavant  Shanks,male,Human,31,Bard
416424-MRUNJD,Nerle  Grantham,male,Halfling,75,Monk
416425-U0ISB5,Tavon  Donoghan,male,Dragonborn,69,Wizard
416426-IQNF74,Dungarth Arkalis,male,Dragonborn,32,Barbarian
416427-T60PLO,Krynt  Daargen,male,Gnome,89,Rogue
416428-ZJCNS6,Quentin  Swiller,male,Drow,192,Wizard
416429-G298CQ,Eandro  Zereni,male,Githyanki,60,Paladin
416430-K4LTAH,Taran  Roxley,male,Dragonborn,62,Druid
416431-UKWQVR,Steveren  Lyfalia,male,Gnome,150,Cleric
416432-1H61IA,Meklan  Swiller,male,Githyanki,79,Bard
416433-OIM458,Tegan  Thirya,male,Half-Elf,58,Rogue
416434-AX40DT,Dalkon  Kreel,male,Half-Orc,39,Bard
416435-IRC9ZD,Vanan  Copperhearth,male,Elf,149,Cleric
416436-76SZN9,Falken  Drumwind,male,Gnome,120,Wizard
416437-DDE3CU,Malfier  Ayrthwil,male,Half-Elf,44,Cleric
416438-P8IJL2,Malfier  Velene,male,Gnome,83,Warlock
416439-Z0LJCH,Bram  Cuttlescar,male,Dwarf,55,Ranger
416440-2VFFQO,Lavant  Gullscream,male,Tiefling,46,Paladin
416441-T8HLJE,Daylen  Revenmar,male,Drow,185,Fighter
416442-FY3ZB4,Semil  Iscalon,male,Gnome,197,Monk
416443-LDIMSY,Dalkon  Varzand,male,Half-Elf,87,Ranger
416444-J9BOQ0,Norris  Bilger,male,Half-Orc,14,Wizard
416445-IQ2FA3,Tavon  Markolak,male,Drow,83,Sorcerer
416446-9E3NWX,Vincent  Caskajaro,male,Half-Orc,58,Druid
416447-UJ3AC6,Madian  Varzand,male,Dwarf,177,Wizard
416448-PE63LB,Krynt  Falck,male,Dragonborn,22,Rogue
416449-QGU3OB,Dungarth  Stavenger,male,Human,24,Sorcerer
416450-YGHGK5,Talfen  Pyncion,male,Half-Elf,22,Ranger
416451-BWIKOT,Nilus  Dunhall,male,Halfling,36,Barbarian
416452-CKEH5S,Daylen  Netheridge,male,Human,71,Bard
416453-W2292M,Nilus  Webb,male,Dragonborn,38,Monk
416454-TR6SNG,Steveren  Drumwind,male,Githyanki,102,Monk
416455-LH62C9,Sevenson  Wintermere,male,Dwarf,72,Barbarian
416456-T199DX,Vanan  Shaulfer,male,Dwarf,210,Cleric
416457-J37C9H,Malfier  Varzand,male,Tiefling,61,Sorcerer
416458-42M44G,Steveren  Webb,male,Halfling,97,Wizard
416459-V3Z6BZ,Gryphero  Hindergrass,male,Drow,142,Warlock
416460-8UUG95,Meklan  Shanks,male,Tiefling,54,Bard
416461-RLRDIH,Fenton  Hindergrass,male,Drow,113,Paladin
416462-SA7HEZ,Arando  Voortham,male,Elf,710,Rogue
416463-74LAV7,Sevenson  Goldrudder,male,Elf,497,Wizard
416464-1448N7,Sevenson  Vrye,male,Tiefling,78,Bard
416465-ODKEF8,Bram  Ramcrown,male,Tiefling,32,Monk
416466-28XG8Y,Hagar  Cresthill,male,Dwarf,89,Warlock
416467-72IVGL,Gryphero  Fryft,male,Dwarf,89,Wizard
416468-YE088O,Steveren  Pyncion,male,Half-Orc,28,Fighter
416469-98BV78,Norris  Armanci,male,Half-Orc,46,Paladin
416470-HU7F0I,Namen  Sell,male,Human,41,Paladin
416471-9G5DZX,Malfier  Daargen,male,Tiefling,80,Barbarian
416472-5QJICJ,Malfier  Markolak,male,Half-Orc,57,Cleric
416473-DAN085,Hagar  Dunhall,male,Gnome,151,Wizard
416474-RNTDR5,Lavant  Webb,male,Halfling,48,Fighter
416475-XYFC4K,Saidi  Lynchfield,female,Dwarf,277,Wizard
416476-L8CGN0,Venefiq  Oakenheart,female,Gnome,137,Warlock
416477-T6DVWR,Beyla  Stormchapel,female,Githyanki,123,Wizard
416478-B7F6FD,Marnia  Zethergyll,female,Gnome,134,Bard
416479-HGZZ0J,Tanika  Atalya,female,Human,46,Paladin
416480-KIBU4F,Irva  Graylock,female,Half-Elf,82,Bard
416481-MPKXVH,Irva  Thirya,female,Dragonborn,49,Druid
416482-AGKC4L,Kasaki  Iscalon,female,Tiefling,57,Sorcerer
416483-ORXDTG,Aryllan  Swiller,female,Half-Elf,104,Fighter
416484-5NQJQI,Lurka  Drumwind,female,Elf,644,Fighter
416485-JC1YDM,Hallan  Redraven,female,Elf,605,Sorcerer
416486-T8VT43,Sachil  Targana,female,Human,28,Rogue
416487-PT5R5R,Aryllan  Daargen,female,Human,21,Rogue
416488-C6ZS62,Rosalyn  Strong,female,Drow,168,Druid
416489-YWE1G9,Rokel  Varcona,female,Dwarf,260,Wizard
416490-83EP9P,Lurka  Lyfalia,female,Human,77,Barbarian
416491-9W4J66,Veklani  Van Devries,female,Tiefling,52,Monk
416492-CNOLJQ,Beyla  Thirya,female,Halfling,30,Sorcerer
416493-52WSPO,Aryllan  Lamoth,female,Drow,132,Ranger
416494-FV177U,Brey Arkalis,female,Dragonborn,32,Druid
416495-DKTMON,Lyfalia  Swiller,female,Dwarf,316,Paladin
416496-RVBJFV,Hallan  Dunhall,female,Githyanki,89,Fighter
416497-YB6LI0,Irva  Oakenheart,female,Half-Orc,31,Wizard
416498-76A3KK,Tura  Evermead,female,Drow,221,Wizard
416499-RZD5E9,Remora  Grantham,female,Halfling,46,Cleric
416500-P3JPXG,Pharana  Coldshore,female,Drow,111,Fighter
416501-H30153,Saidi  Danamark,female,Halfling,67,Rogue
416502-SFLSE4,Kasaki  Ayrthwil,female,Gnome,96,Warlock
416503-5BG34I,Roksana  Daargen,female,Dwarf,68,Barbarian
417012-OR8WM9,Markus  Tanglestrand,male,Elf,357,Barbarian
417013-LBB4M0,Vanan  Gullscream,male,Halfling,60,Monk
417014-A6MDMM,Nilus  Romazi,male,Human,67,Rogue
417015-MXIXV6,Navaren  Shadowhorn,male,Gnome,160,Ranger
417016-CKMALQ,Tamond  Revenmar,male,Elf,542,Ranger
417017-5U6JZV,Steveren  Oakenheart,male,Half-Orc,39,Cleric
417018-9NOU3D,Dyrk  Garkalan,male,Drow,182,Cleric
417019-YMS1MW,Quentin  Ratley,male,Half-Elf,48,Bard
417020-NPR424,Dodd  Coldshore,male,Githyanki,43,Paladin
417021-TKB9OI,Fenton  Irva,male,Human,49,Warlock
417022-0D4DMC,Tamond  Tricker,male,Elf,587,Fighter
417023-2RH2XK,Lavant  Meluzan,male,Half-Orc,58,Bard
417024-2PTHOW,Ningyan  Markolak,male,Elf,314,Ranger
417025-Q1GAZ5,Tavon  Shattermast,male,Drow,166,Monk
417026-UH80Q7,Tavon  Raftmite,male,Half-Orc,52,Warlock
417027-TW1PUW,Vanan  Kreel,male,Githyanki,239,Warlock
417028-SNFFYK,Namen  Wintermere,male,Human,20,Rogue
417029-PL3CHO,Anlow  Balefrost,male,Tiefling,56,Cleric
417030-3XJVOE,Talfen  Summergale,male,Drow,194,Druid
417031-GI3QUP,Anlow  Garkalan,male,Human,67,Bard
417032-XBFEJ2,Feck  Caskajaro,male,Tiefling,45,Druid
417033-XG48RA,Steveren  Copperhearth,male,Half-Elf,88,Druid
417034-4DV56O,Anlow  Dunhall,male,Tiefling,38,Fighter
417035-NXD70F,Markus  Netheridge,male,Half-Elf,83,Rogue
417036-E07S38,Vanan  Webb,male,Gnome,112,Fighter
417037-7J5IE3,Markus  Graylock,male,Gnome,88,Monk
417038-LVO0IP,Daylen  Woodenhawk,male,Elf,718,Rogue
417039-FG8PJV,Feck  Atalya,male,Elf,715,Ranger
417040-RN8LPY,Venefiq  Hollowpot,female,Dragonborn,57,Bard
417041-857NZ3,Remora  Szereban,female,Halfling,36,Warlock
417042-A8V4X7,Tura  Danamark,female,Halfling,97,Fighter
417043-Y2ITL8,Irva Ambershard,female,Dragonborn,17,Sorcerer
417044-N3E54N,Sachil  Zarkanan,female,Githyanki,214,Druid
417045-6O9JD3,Rosalyn  Irongull,female,Half-Elf,17,Sorcerer
417046-IH66W5,Veklani  Silvertarn,female,Drow,177,Warlock
417047-1OB537,Praxana  Hindergrass,female,Drow,103,Cleric
417048-QO4Z53,Rosalyn  Grantham,female,Halfling,62,Monk
417049-3ZSMV3,Thurlfara  Carnavon,female,Dwarf,230,Cleric
417050-0QABXW,Roksana  Mooncairn,female,Human,85,Druid
417051-2EOWLC,Hallan  Rockharvest,female,Gnome,76,Paladin
417052-FS8314,Azura  Kreel,female,Human,21,Cleric
417053-Y2LR0J,Tanika  Towerfall,female,Half-Elf,81,Cleric
417054-Y32HOG,Ayrthwil  Raftmite,female,Elf,305,Sorcerer
417055-585I87,Fenryl Ambershard,female,Human,61,Warlock
417056-XW69HZ,Sachil  Irongull,female,Dragonborn,40,Cleric
417057-GOPJDN,Brey  Domarien,female,Githyanki,70,Monk
417058-8EZP7Q,Zebel  Welfer,female,Dragonborn,65,Rogue
417059-YEZG52,Veklani  Caskajaro,female,Tiefling,46,Ranger
417060-KRE4V9,Veklani  Bilger,female,Human,52,Warlock
417061-KYPOFK,Lyfalia  Sell,female,Dragonborn,35,Sorcerer
417062-JW6NYQ,Lurka  Ereghast,female,Halfling,67,Paladin
417063-AELYYZ,Praxana  Kreel,female,Githyanki,114,Wizard
417064-Z0JDCL,Hallan  Shattermast,female,Dwarf,261,Fighter
417065-I6978V,Xandrilla  Domarien,female,Half-Elf,42,Druid
417066-0BJWKO,Veklani  Meluzan,female,Dragonborn,46,Fighter
417067-N8UUJS,Thurlfara  Zethergyll,female,Half-Orc,12,Ranger
417068-75ELTF,Zebel  Deepmiddens,female,Half-Orc,14,Fighter
417069-EBE540,Beyla  Pyncion,female,Dragonborn,17,Monk
417070-7K5W1J,Atalya  Zarkanan,female,Gnome,194,Cleric
417071-L6L91F,Hallan  Coldshore,female,Tiefling,30,Fighter
417072-4X2BFI,Pharana  Vadu,female,Dragonborn,79,Monk
417073-BJZP97,Tylsa  Van Devries,female,Drow,181,Wizard
417074-BMZRR4,Rokel  Kroft,female,Halfling,82,Monk
417075-5ED5GG,Ronefel  Meluzan,female,Drow,90,Wizard
417076-SJ6VV8,Thurlfara  Voortham,female,Half-Elf,35,Monk
417077-SUOC1Y,Pharana  Lynchfield,female,Githyanki,102,Ranger
417078-5AYYOV,Saidi  Yellowcrane,female,Githyanki,107,Fighter
417079-84FC3X,Krystolari  Tricker,female,Gnome,66,Paladin
417080-Q8VA8X,Lokara  Talandro,female,Gnome,118,Sorcerer
417081-8L008U,Lurka  Stavenger,female,Half-Elf,95,Paladin
417082-HBXLBC,Tylsa  Drumwind,female,Drow,143,Paladin
417083-8NOG85,Rosalyn  Talandro,female,Half-Orc,14,Barbarian
417084-D4F2K1,Venefiq  Briarfell,female,Gnome,129,Paladin
417085-XERP3L,Marnia  Ratley,female,Halfling,35,Barbarian
417086-YEX3SR,Beyla  Puddle,female,Human,63,Paladin
417087-5RUP13,Azura  Hollowpot,female,Dragonborn,66,Monk
417088-WPPBMQ,Thurlfara  Dalicarlia,female,Half-Elf,31,Warlock
417089-IYFRWS,Marnia  Garkalan,female,Githyanki,239,Cleric
417090-KP6RFE,Fenryl  Garkalan,female,Halfling,54,Ranger
417091-64SKBC,Ayrthwil  Trevethor,female,Halfling,30,Fighter
417092-BDPDXU,Vronwe Aryllan,female,Tiefling,26,Barbarian
417093-JJCSEX,Irva  Drakantal,female,Drow,98,Wizard
417094-GGOC5K,Irva  Domarien,female,Gnome,189,Druid
417095-VQYWJ8,Vronwe  Grantham,female,Human,68,Druid
417096-5GG0V5,Ayrthwil  Stormwolf,female,Drow,85,Warlock
417097-DTAEGR,Rosalyn  Ereghast,female,Dragonborn,16,Wizard
417098-Y58VRW,Velene  Dalicarlia,female,Elf,644,Fighter
417099-9MYYOK,Brey  Strong,female,Dragonborn,34,Fighter
417100-EAEA84,Zebel  Daargen,female,Dragonborn,27,Monk
417101-HXXPW2,Tanika  Shattermast,female,Dwarf,250,Barbarian
417102-GKQRAF,Sachil  Dalicarlia,female,Drow,129,Monk
417103-FZ8Q4V,Saidi  Armanci,female,Gnome,139,Paladin
417104-HU4BAW,Rokel  Battlestone,female,Half-Elf,115,Paladin
417105-Z940VT,Brey  Hackshield,female,Elf,421,Monk
417106-KRRVWY,Hallan  Domarien,female,Dwarf,267,Rogue
417107-3RZTPL,Rain  Daargen,female,Drow,211,Rogue
417108-C6PRR7,Brey  Skiprock,female,Elf,113,Wizard
417109-MZAKGM,Ravel  Zatchet,female,Gnome,137,Druid
417110-IH6MV4,Grenenzel  Seratolva,female,Half-Orc,29,Druid
417111-XEKZ83,Brey  Grantham,female,Dragonborn,73,Sorcerer
417112-Y0224W,Zovra   Bilger,female,Dragonborn,40,Rogue
417113-K0YEHV,Shirren  Fallenbridge,female,Githyanki,55,Ranger
417114-DO9KHB,Dorethau  Van Gandt,female,Dragonborn,48,Fighter
417115-A5MF36,Krystolari  Brightwater,female,Drow,200,Bard
417116-BCPWEI,Vzani  Carnavon,female,Dragonborn,63,Bard
417117-JMMB5J,Fenryl  Targana,female,Githyanki,104,Druid
417118-FYSYZ7,Sydri  Stavenger,female,Drow,189,Cleric
417119-PQ4DDV,Karanwyn  Tanglestrand,female,Githyanki,53,Monk
417120-283BDW,Karanwyn  Riverwall,female,Gnome,116,Wizard
417121-56FKPS,Sydri  Velene,female,Human,67,Ranger
417122-0DXME4,Karanwyn  Faringray,female,Half-Elf,86,Wizard
417123-PO1I3M,Lokara  Cuttlescar,female,Githyanki,101,Sorcerer
417124-SDN1MX,Velene  Wygarthe,female,Dwarf,297,Ranger
417125-F1PI2O,Sunshine  Van Devries,female,Dwarf,195,Barbarian
417126-OQ42NB,Deneth  Willowrush,female,Human,83,Warlock
417127-FA37DL,Sydri  Stormwolf,female,Halfling,84,Paladin
417128-9FC1XX,Tanika  Leerstrom,female,Drow,142,Wizard
417129-6CWZXS,Lieryn  Balefrost,female,Dwarf,245,Wizard
417130-KOYTK0,Sirivistra  Kreel,female,Gnome,64,Ranger
417131-6AKT7Z,Caliope  Evenwind,female,Dwarf,304,Druid
417132-QHT2XZ,Excellence  Coldshore,female,Human,65,Fighter
417133-52OHKB,Tenerife  Revenmar,female,Half-Elf,62,Sorcerer
417134-M00E9K,Piper  Trevethor,female,Tiefling,86,Sorcerer
417135-DTS1FB,Marnia  Shanks,female,Halfling,33,Paladin
417136-2VI109,Excellence  Dunhall,female,Tiefling,74,Barbarian
417137-DCNWMB,Lyfalia  Van Gandt,female,Drow,137,Bard
417138-XEK0Q9,Cataclysmia  Fallenbridge,female,Half-Orc,48,Barbarian
417139-29U6WT,Rain  Falck,female,Half-Orc,13,Warlock
417140-VMK2ZY,Mirabel  Stormwolf,female,Elf,496,Monk
417141-ZSILU3,Mecretia  Serechor,female,Human,44,Fighter
417142-NDZ3CC,Vencia  Markolak,female,Halfling,77,Rogue
417143-5RQNSV,Roksana  Falck,female,Tiefling,64,Monk
417144-SOJRPP,Vzani  Netheridge,female,Halfling,81,Ranger
417145-7R93FE,Lurka  Strong,female,Githyanki,174,Fighter
417146-ZEZ5EH,Domitia  Goldrudder,female,Gnome,87,Bard
417147-R07N8V,Rokel  Summergale,female,Halfling,59,Ranger
417148-OEUBFN,Zethaya  Barrelhelm,female,Elf,430,Cleric
417149-9KR2FV,Affyria  Briarfell,female,Drow,116,Wizard
417150-B66H3R,Marnia  Battlestone,female,Githyanki,237,Bard
417151-EM5PUU,Rain  Lamoth,female,Githyanki,191,Monk
417152-62RZV1,Etherea  Fletcher,female,Drow,101,Wizard
417153-SQQQ5L,Shirren Arkalis,female,Gnome,84,Paladin
417154-2XOIOT,Xandrilla  Irva,female,Half-Orc,47,Cleric
417155-860X5Z,Lachira  Daargen,female,Elf,263,Cleric
417156-U2ZUEU,Rokel  Daggersharp,female,Tiefling,43,Sorcerer
417157-GWUBUG,Krystolari  Welfer,female,Tiefling,79,Fighter
417158-R6E7GA,Emily  Venefiq,female,Elf,697,Sorcerer
417159-2IZ5P3,Lurka  Talandro,female,Drow,143,Druid
417160-VOB5AP,Grenenzel  Venefiq,female,Drow,101,Rogue
417161-O4LJED,Atalya  Van Devries,female,Halfling,38,Bard
417162-GFJDLO,Thurlfara Autumnloft,female,Dragonborn,66,Ranger
417163-GWLACO,Sinariel  Gullscream,female,Elf,721,Druid
417164-LOLN3E,Roksana  Brightwater,female,Dragonborn,75,Monk
417165-H1VR1N,Veklani  Graytrails,female,Tiefling,83,Sorcerer
417166-ECQORO,Allyria  Drakantal,female,Elf,670,Rogue
417167-I5J8YI,Allyria  Kreel,female,Halfling,49,Warlock
417168-T2KODW,Zebel  Targana,female,Half-Elf,22,Fighter
417169-H8N92T,Ayrdra  Grantham,female,Elf,595,Rogue
417170-P6QAQ3,Velavia  Welfer,female,Halfling,52,Rogue
417171-K8A7RV,Thurlfara  Talandro,female,Drow,185,Fighter
417172-4NMWVS,Domitia  Ratley,female,Gnome,139,Wizard
417173-B0UKOE,Excellence  Yellowcrane,female,Elf,435,Barbarian
417174-FUKPV8,Remora  Ronefel,female,Human,34,Cleric
417175-LYMJ1Q,Shirren  Bilger,female,Half-Orc,14,Bard
417176-I9MQVA,Azura  Silverfin,female,Half-Orc,32,Wizard
417177-YXAR6Y,Beyla  Shanks,female,Gnome,164,Wizard
417178-O6Z1T2,Remora  Roxley,female,Githyanki,31,Wizard
417179-XCB3YY,Sachil  Carnago,female,Halfling,54,Monk
417180-M33MG1,Piper  Ereghast,female,Tiefling,43,Monk
417181-ZAQ7QH,Vzani  Van Hyden,female,Dwarf,337,Ranger
417182-AK7MDW,Lorelei  Voortham,female,Half-Orc,43,Wizard
417183-KZIRNK,Lyfalia  Cuttlescar,female,Drow,219,Druid
417184-6ZHH3O,Velavia  Romazi,female,Dwarf,305,Cleric
417185-5URTXU,Tylsa  Coyle,female,Elf,410,Monk
417186-YUCECJ,Vronwe  Shadowhorn,female,Gnome,120,Ranger
417187-UIS2GY,Elseone  Drakantal,female,Half-Elf,56,Druid
417188-9YTJUQ,Iritra  Shaulfer,female,Halfling,79,Ranger
417189-7X7B7P,Fenryl Autumnloft,female,Human,76,Monk
417190-9JYQN1,Hallan  Talandro,female,Half-Orc,44,Monk
417191-5IKPQA,Brey  Sell,female,Elf,658,Druid
417192-HCUA09,Karanwyn  Cuttlescar,female,Half-Elf,124,Warlock
417193-PCIFLW,Etherea  Ayrthwil,female,Elf,173,Wizard
417194-DR3VWM,Ayrdra  Wintermere,female,Drow,106,Fighter
417195-JDIMBM,Sufana  Fryft,female,Githyanki,138,Fighter
417196-271W1W,Zebel  Stavenger,female,Half-Elf,104,Sorcerer
417197-UDCBL4,Zereni Autumnloft,female,Dwarf,89,Wizard
417198-CE7PKW,Azura  Lamoth,female,Tiefling,65,Barbarian
417199-CYUKND,Piper  Silvergraft,female,Githyanki,62,Cleric
417200-1IVXAN,Emily  Blackwater,female,Human,16,Bard
417201-25WM72,Vauldra  Trevethor,female,Tiefling,37,Warlock
417202-QLGDVC,Precious  Umbermoor,female,Drow,213,Paladin
417203-2GUWJP,Thurlfara  Summergale,female,Dwarf,112,Paladin
417204-0QI2CL,Fenryl  Vrye,female,Halfling,41,Paladin
417205-P81L51,Tenerife  Daggersharp,female,Drow,130,Ranger
417206-FLMNAV,Zanthe  Tryphon,female,Drow,192,Barbarian
417207-YCS44P,Tylsa  Carnago,female,Elf,206,Rogue
417208-HH62MY,Vrumadi  Dalicarlia,female,Dragonborn,19,Barbarian
417209-Z9VLU8,Veklani  Menetrian,female,Halfling,74,Rogue
417210-WPFQ2B,Caliope  Carnavon,female,Dwarf,303,Monk
417211-HAIIWI,Mirabel  Silvertarn,female,Githyanki,73,Barbarian
417212-08L0HG,Praxana  Ayrthwil,female,Dragonborn,77,Sorcerer
417213-9NCBEK,Tenerife  Szereban,female,Halfling,37,Paladin
417214-GV1BBH,Fenryl  Thirya,female,Tiefling,87,Barbarian
417215-G5ZMTG,Mecretia  Coldshore,female,Half-Orc,38,Rogue
417216-A46AYN,Sachil  Brightwater,female,Halfling,71,Monk
417217-2D7KI3,Vronwe  Pyncion,female,Gnome,62,Rogue
417218-X79955,Sunshine  Sell,female,Githyanki,105,Ranger
417219-CF72GN,Deneth  Balefrost,female,Drow,110,Fighter
417220-NV9IBW,Tanika  Grimtor,female,Half-Orc,39,Sorcerer
417221-GT2LB2,Toira  Targana,female,Drow,155,Monk
417222-5485HC,Ziza  Gullscream,female,Gnome,129,Warlock
417223-QXCS1X,Lyfalia  Carnago,female,Half-Elf,81,Bard
417224-SRQLNZ,Lachira  Blackwater,female,Elf,420,Wizard
417225-ZRJO7V,Mecretia Angler,female,Dwarf,240,Bard
417226-BHH5OL,Vrumadi  Lamoth,female,Half-Elf,87,Sorcerer
417227-5U7NTE,Vacquiel  Daggersharp,female,Half-Orc,53,Bard
417228-DQMVQW,Milvia  Vadu,female,Half-Elf,36,Rogue
417229-PQO2LN,Elseone  Bilger,female,Half-Orc,21,Bard
417230-GIXMC4,Sirivistra  Ereghast,female,Gnome,134,Rogue
417231-SX27DC,Teg Ambershard,female,Dragonborn,41,Cleric
417232-BHHLK3,Teg  Romazi,female,Halfling,98,Rogue
417233-YJZ991,Tanika  Dunhall,female,Githyanki,212,Bard
417234-06AK32,Krystolari  Falck,female,Gnome,155,Sorcerer
417235-OOUXQS,Rixi  Willowrush,female,Drow,212,Ranger
417236-1FOI0R,Lorelei  Lynchfield,female,Dragonborn,47,Sorcerer
417237-S210Q2,Shirren  Stormchapel,female,Tiefling,77,Warlock
417238-LG1ZHQ,Thurlfara  Shattermast,female,Half-Elf,74,Druid
417239-UNUE7A,Nericia  Zethergyll,female,Half-Elf,41,Bard
417240-34MPYO,Brey  Puddle,female,Elf,428,Warlock
417241-2TLA27,Precious  Zatchet,female,Githyanki,221,Paladin
417242-F8LWVV,Vexia  Ronefel,female,Elf,228,Fighter
417243-59HOTG,Marnia  Van Devries,female,Half-Elf,36,Ranger
417244-DUQ6DD,Thurlfara  Umbermoor,female,Dwarf,318,Ranger
417245-TBYRGC,Krystolari Arkalis,female,Human,75,Wizard
417246-8KIXCC,Sydri  Sunshadow,female,Githyanki,32,Cleric
417247-SG4OFD,Lokara  Van Hyden,female,Half-Orc,32,Warlock
417248-TRC85E,Veklani  Faringray,female,Human,68,Monk
417249-HPZRV7,Fenryl  Sarzan,female,Halfling,42,Bard
417250-VSYJAF,Krystolari  Zethergyll,female,Half-Orc,21,Cleric
417251-CO3S65,Precious  Coldshore,female,Half-Elf,75,Warlock
417252-QU0K5Q,Beyla  Varzand,female,Drow,97,Sorcerer
417253-ZZKW3G,Nericia  Wilxes,female,Tiefling,17,Monk
417254-I60Q6G,Piper  Van Hyden,female,Dragonborn,54,Ranger
417255-UO8I5J,Lorelei  Pyncion,female,Tiefling,41,Rogue
417256-WK6Z0H,Lyfalia  Tricker,female,Elf,294,Wizard
417257-R9T9CD,Marnia  Skiprock,female,Drow,104,Wizard
417258-1LQJSQ,Rosalyn  Torzalan,female,Elf,640,Paladin
417259-CZ0N04,Vronwe  Daargen,female,Drow,197,Barbarian
417260-OAE7L0,Krystolari  Coyle,female,Dragonborn,57,Paladin
417261-RCTI8F,Beyla  Evermead,female,Dragonborn,27,Sorcerer
417262-34GADK,Rain  Dunhall,female,Human,22,Fighter
417263-TOC1YF,Tilly  Grantham,female,Githyanki,189,Barbarian
417264-MHBYHZ,Zebel  Riverwall,female,Elf,569,Sorcerer
417265-43XZ6O,Hallan  Swiller,female,Drow,120,Paladin
417266-LBA117,Karanwyn  Leerstrom,female,Half-Orc,16,Barbarian
417267-NIDP9M,Saidi  Deepmiddens,female,Drow,169,Barbarian
417268-GYH523,Affyria  Welfer,female,Githyanki,192,Druid
417269-GGODLU,Samantia  Markolak,female,Elf,662,Monk
417270-GHT7EH,Pharana  Evermead,female,Human,43,Paladin
417271-MGOLOQ,Tilly  Rockharvest,female,Half-Elf,59,Cleric
417272-C3XNCH,Piper  Wintermere,female,Half-Elf,95,Fighter
417273-KV9DT9,Thirya  Shattermast,female,Half-Elf,16,Druid
417274-4G8V9Z,Emily  Caskajaro,female,Drow,129,Sorcerer
417275-Y9YLW5,Fenryl  Puddle,female,Elf,371,Warlock
417276-L4RMVV,Vacquiel  Redraven,female,Githyanki,102,Monk
417277-NXIV9I,Marnia Autumnloft,female,Halfling,74,Rogue
417278-W6L01W,Levatra  Wintermere,female,Elf,688,Ranger
417279-CNKFHB,Allyria  Brightwater,female,Dwarf,206,Warlock
417280-7V80LK,Beyla  Deepmiddens,female,Elf,466,Warlock
417281-X1S9XK,Emily Angler,female,Gnome,163,Druid
417282-A4LIT6,Lachira  Talandro,female,Tiefling,49,Sorcerer
417283-XIYZVN,Sufana  Van Gandt,female,Githyanki,173,Monk
417284-LPA5CG,Sunshine  Silvergraft,female,Human,84,Wizard
417285-WFHDV3,Emily  Tanglestrand,female,Githyanki,194,Sorcerer
417286-7IC0LZ,Ayrthwil  Sunshadow,female,Dragonborn,40,Cleric
417287-IGIKQW,Mecretia  Vrye,female,Drow,99,Druid
417288-J2C9OG,Cataclysmia  Puddle,female,Dwarf,128,Cleric
417289-PS0132,Thirya  Puddle,female,Half-Orc,18,Druid
417290-AN417V,Kasaki  Daargen,female,Human,42,Fighter
417291-F0JQQN,Pharana  Blackstrand,female,Halfling,55,Cleric
417292-VCEQFG,Affyria  Fletcher,female,Githyanki,75,Bard
417293-AS0R77,Istiria  Fryft,female,Elf,359,Barbarian
417294-8NRXVO,Sachil Ambershard,female,Dwarf,338,Rogue
417295-B7NUGP,Tilly  Evenwind,female,Gnome,86,Sorcerer
417296-J60SRY,Sydri  Targana,female,Tiefling,33,Barbarian
417297-ZX70IB,Emily  Copperhearth,female,Drow,213,Cleric
417298-3WYZXJ,Aryllan  Shadowhorn,female,Dwarf,350,Rogue
417299-QYJV84,Aryllan  Van Gandt,female,Dwarf,246,Monk
417300-A1X7OV,Vil  Van Devries,female,Gnome,144,Bard
417301-6SGP3J,Sufana  Deepmiddens,female,Halfling,93,Monk
417302-K8XNLO,Brey  Targana,female,Dwarf,191,Monk
417303-50DW1M,Beyla  Ratley,female,Dragonborn,75,Druid
417304-F07OL9,Roksana  Daggersharp,female,Tiefling,43,Warlock
417305-3ACZSX,Brey  Leerstrom,female,Halfling,41,Druid
417306-0GNZHG,Emily  Hindergrass,female,Half-Elf,15,Druid
417307-8Q3GCG,Milvia  Wintermere,female,Gnome,119,Fighter
417308-1J6OWW,Traya  Serechor,female,Dragonborn,42,Cleric
417309-5FKNJM,Tenerife  Cuttlescar,female,Dwarf,96,Paladin
417310-VRYDC1,Etherea  Blackstrand,female,Githyanki,235,Fighter
417311-AU9DSA,Thurlfara  Varzand,female,Drow,117,Druid
417312-V917RM,Rylef  Sell,male,Dwarf,123,Druid
417313-PN6937,Ferrek  Domarien,male,Tiefling,38,Monk
417314-XNCMLD,Dalkon  Barrelhelm,male,Dragonborn,75,Barbarian
417315-QZ05EV,Lurtrum  Dalicarlia,male,Human,15,Cleric
417316-5KZ3NW,Halagmar  Carnavon,male,Gnome,142,Ranger
417317-XROG98,Carydion  Irongull,male,Halfling,29,Bard
417318-3AMB3L,Jeras  Tryphon,male,Human,21,Paladin
417319-PVOWCP,Borel Autumnloft,male,Dragonborn,32,Barbarian
417320-779460,Lurtrum  Ronefel,male,Halfling,85,Ranger
417321-KHFSU4,Malfier  Zethergyll,male,Elf,540,Wizard
417322-SE2KYT,Sharak  Blackwater,male,Halfling,74,Wizard
417323-5GQEXI,Mardam  Webb,male,Drow,200,Druid
417324-H1XDPZ,Krag  Barrelhelm,male,Dragonborn,56,Paladin
417325-F761HJ,Leliar  Targana,male,Dragonborn,53,Barbarian
417326-R6EET0,Wolvar  Dalicarlia,male,Human,79,Ranger
417327-DY571V,Jeras  Fallenbridge,male,Tiefling,32,Ranger
417328-XNZ0NX,Ariandar  Battlestone,male,Githyanki,91,Paladin
417329-U43IED,Eandro  Wintermere,male,Elf,663,Druid
417330-D070EN,Dalkon  Velene,male,Half-Orc,37,Druid
417331-48UACT,Swargar  Van Devries,male,Half-Orc,36,Paladin
417332-49LNY2,Tamond  Hollowpot,male,Dwarf,247,Sorcerer
417333-SVHOTQ,Kaelthorn  Paradas,male,Dwarf,292,Bard
417334-F74RQV,Farlien Angler,male,Drow,170,Bard
417335-FX2ZVL,Bvachan  Graylock,male,Drow,159,Cleric
417336-9E9ZR3,Fenton  Shattermast,male,Githyanki,244,Rogue
417337-RZN9L3,Bvachan  Van Gandt,male,Gnome,193,Sorcerer
417338-H03ZB5,Fenton  Vrye,male,Halfling,60,Wizard
417339-GRO9X4,Thorin  Roxley,male,Halfling,87,Rogue
417340-9TMY91,Alathar  Drakantal,male,Gnome,80,Bard
417341-OTKZH4,VabÃ»l  Iscitan,male,Half-Orc,50,Cleric
417342-OE1U24,Steveren  Fletcher,male,Githyanki,245,Druid
417343-ZQFEZK,Farlien Aryllan,male,Tiefling,44,Bard
417344-FH00A0,Lorak Angler,male,Halfling,41,Ranger
417345-UY9F8P,Tamond  Fryft,male,Githyanki,192,Wizard
417346-47D9GB,Arnan  Zatchet,male,Gnome,131,Sorcerer
417347-9XV8WO,Tamond  Vadu,male,Halfling,38,Monk
417348-BIRY8X,Lorifir  Skiprock,male,Dragonborn,70,Wizard
417349-NY2X15,Dyrnar  Targana,male,Gnome,173,Monk
417350-XJXNEC,Gaerlan  Bilger,male,Githyanki,155,Paladin
417351-RYSAUU,Halzar  Hackshield,male,Gnome,124,Druid
417352-J02GRX,Haeltar  Evenwind,male,Half-Orc,55,Druid
417353-PUDC62,Thorbalt  Ayrthwil,male,Tiefling,32,Bard
417354-G3AUT3,Oleran  Oakenheart,male,Human,86,Rogue
417355-RSVZ2E,Glint  Hackshield,male,Halfling,75,Monk
417356-186GVG,Arando  Moonridge,male,Drow,169,Ranger
417357-T2EEHF,Cale  Wintermere,male,Githyanki,75,Fighter
417358-U4B9SN,Borel  Brightwater,male,Tiefling,20,Rogue
417359-TP8AK8,Halzar  Ayrthwil,male,Half-Orc,35,Bard
417360-S2XQUZ,Krag  Ayrthwil,male,Tiefling,76,Ranger
417361-S9MTHD,Veyas  Silverfin,male,Dragonborn,59,Barbarian
417362-3IGK38,Seylas  Varcona,male,Dwarf,267,Barbarian
417363-VHMEWC,Markus  Armanci,male,Half-Elf,42,Paladin
417364-JN6OCJ,Nerle  Towerfall,male,Elf,721,Paladin
417365-PZTC09,Arromar  Skiprock,male,Tiefling,88,Paladin
417366-ZGNX3V,Krag  Donoghan,male,Dwarf,147,Bard
417367-PF9PAV,Arnan  Balefrost,male,Gnome,157,Monk
417368-CEDTCX,Erag  Roxley,male,Halfling,67,Monk
417369-NMJ5IA,Mardam  Velene,male,Dragonborn,37,Fighter
417370-N8ND7G,Ferel  Danamark,male,Elf,100,Bard
417371-0L3RTZ,Quentin  Varcona,male,Human,40,Paladin
417372-5TV6G8,Malagar  Daargen,male,Half-Elf,71,Warlock
417373-OM08TV,Ghorvas  Targana,male,Gnome,152,Fighter
417374-4REASF,Alarcion  Welfer,male,Elf,628,Druid
417375-EN0B09,Tamond  Wilxes,male,Drow,129,Wizard
417376-ZIVZG9,Meklan  Stormwolf,male,Elf,95,Bard
417377-2SJP75,Agaro  Graytrails,male,Half-Elf,90,Warlock
417378-3K48OL,Dungarth  Briarfell,male,Tiefling,56,Warlock
417379-DC08FC,Halzar  Hindergrass,male,Drow,164,Paladin
417380-0TR58P,Semil  Wintermere,male,Githyanki,54,Ranger
417381-S0RS95,Bram  Van Hyden,male,Tiefling,64,Barbarian
417382-ZOW60Z,Halagmar  Hindergrass,male,Tiefling,49,Fighter
417383-Z0I083,Cale  Raftmite,male,Half-Orc,44,Wizard
417384-5TVV8Y,Fenton  Lynchfield,male,Halfling,21,Warlock
417385-5SIC4S,Ariandar  Vrye,male,Half-Orc,50,Monk
417386-8PNNE6,Steveren  Ratley,male,Dwarf,189,Barbarian
417387-IT1EKK,Tavon  Thirya,male,Githyanki,38,Cleric
417388-H0UHK7,Ferel  Yellowcrane,male,Tiefling,99,Druid
417389-X3BQWR,Thorin  Fletcher,male,Gnome,130,Cleric
417390-MWLMA6,Madian Arkalis,male,Gnome,182,Sorcerer
417391-GMDRDS,Rozag  Sunshadow,male,Half-Elf,65,Barbarian
417392-FERFXI,Gryphero  Stormwolf,male,Human,20,Cleric
417393-OKPG3D,Elgoth  Leerstrom,male,Half-Elf,104,Rogue
417394-P4FMPM,Markus  Targana,male,Githyanki,210,Cleric
417395-5HGBO0,Swargar  Oakenheart,male,Githyanki,94,Cleric
417396-6FHRXJ,Sevenson  Irva,male,Elf,370,Wizard
417397-PT2ZL1,Hagar  Blackwater,male,Dragonborn,22,Ranger
417398-5S74ND,Ghorvas  Domarien,male,Human,88,Barbarian
417399-DAFS1I,Malfier  Daggersharp,male,Half-Orc,13,Barbarian
417400-YM90PK,Fenton  Cresthill,male,Gnome,180,Sorcerer
417401-R1IFSI,Hlant  Van Devries,male,Human,73,Druid
417402-159I3H,Leyten  Varzand,male,Drow,205,Wizard
417403-Z3ZSG9,Leliar  Umbermoor,male,Half-Elf,37,Warlock
417404-VWIEB9,Alathar  Battlestone,male,Halfling,80,Fighter
417405-7PWDBO,Dungarth  Fallenbridge,male,Human,84,Monk
417406-LWIMRS,Bariken  Umbermoor,male,Gnome,86,Sorcerer
417407-XKJKMP,Dalkon  Voortham,male,Githyanki,39,Paladin
417408-LBBB0H,Fenton  Thirya,male,Drow,174,Cleric
417409-Q6DG8N,Dyrnar  Umbermoor,male,Dragonborn,18,Paladin
417410-KDAT5L,Anlow  Redraven,male,Halfling,98,Cleric
417411-0N2TNX,Borel  Carnago,male,Tiefling,36,Cleric
417412-HN5E0E,Nerle  Meluzan,male,Dwarf,140,Rogue
417413-V6XGZ7,Haeltar  Barrelhelm,male,Halfling,36,Cleric
417414-CTM09H,Arnan  Ramcrown,male,Tiefling,27,Wizard
417415-ZBGTJ5,Tavon  Stormchapel,male,Dwarf,264,Warlock
417416-4696QZ,Dodd  Fryft,male,Half-Orc,19,Cleric
417417-6CP7SA,Markus  Shattermast,male,Githyanki,44,Monk
417418-VZEBU2,Ningyan  Shattermast,male,Human,71,Bard
416504-Q7ZJ3S,Velene  Zarkanan,female,Githyanki,90,Sorcerer
416505-WEBNVG,Lorelei  Ereghast,female,Dwarf,275,Paladin
416506-5VMF60,Beyla  Zethergyll,female,Drow,196,Cleric
416507-YKNFU8,Vauldra  Wilxes,female,Githyanki,59,Warlock
416508-4XYJOA,Irva  Drumwind,female,Human,17,Fighter
416509-21A6XV,Pharana  Van Hyden,female,Gnome,187,Fighter
416510-AJ2K8X,Thurlfara  Bilger,female,Gnome,68,Barbarian
416511-PNMJQY,Lokara  Grimtor,female,Drow,149,Paladin
416512-3ODSX4,Fenryl  Iscalon,female,Drow,151,Druid
416513-NXVKDC,Thurlfara  Roxley,female,Dwarf,246,Barbarian
416514-9X5JZ6,Tylsa  Irongull,female,Halfling,58,Paladin
416515-KF1622,Krystolari  Copperhearth,female,Githyanki,241,Warlock
416516-VXYZX9,Lokara  Evermead,female,Halfling,30,Cleric
416517-JPNBZU,Velene  Shaulfer,female,Githyanki,45,Fighter
416518-G0IT26,Krystolari  Pyncion,female,Halfling,55,Fighter
416519-YS445G,Venefiq  Lyfalia,female,Tiefling,95,Ranger
416520-DEJ31G,Kasaki  Oakenheart,female,Dwarf,246,Sorcerer
416521-YMDM0L,Veklani  Umbermoor,female,Drow,206,Warlock
416522-2LJK4Q,Hallan  Irongull,female,Human,17,Monk
416523-5V7C6S,Ayrthwil  Leerstrom,female,Halfling,68,Bard
416524-5NKB4E,Tanika  Evermead,female,Dragonborn,64,Druid
416525-HOU6QL,Vronwe  Irongull,female,Gnome,173,Druid
416526-Z2RWGW,Grenenzel Ambershard,female,Githyanki,41,Barbarian
416527-AJ1G1R,Lyfalia  Umbermoor,female,Half-Elf,43,Wizard
416528-1DWWO8,Lorelei  Wilxes,female,Half-Elf,41,Monk
416529-NBHNAL,Marnia  Pyncion,female,Human,63,Druid
416530-3GYWIY,Aryllan  Atalya,female,Tiefling,40,Bard
416531-MENVG3,Vencia  Caskajaro,female,Dwarf,270,Sorcerer
416532-KK0VM5,Tanika  Ramcrown,female,Halfling,88,Fighter
416533-9M6MG8,Pharana  Welfer,female,Gnome,73,Wizard
416534-7OI0E0,Vauldra  Velene,female,Half-Orc,54,Wizard
416535-VGNXB5,Mirabel  Iscalon,female,Human,54,Sorcerer
416536-JTB9XX,Sachil  Cuttlescar,female,Gnome,68,Ranger
416537-AYPNTR,Azura  Zereni,female,Gnome,198,Sorcerer
416538-FZWKXX,Thirya  Gullscream,female,Drow,169,Paladin
416539-JVE3DZ,Krystolari  Drakantal,female,Tiefling,20,Warlock
416540-EEDHHJ,Thirya  Webb,female,Half-Elf,92,Sorcerer
416541-SHZKBR,Vauldra  Blackstrand,female,Half-Orc,60,Monk
416542-H7LAY6,Kasaki  Bilger,female,Halfling,63,Rogue
416543-4YFDS0,Ronefel  Daargen,female,Githyanki,242,Paladin
416544-DJI9KQ,Tylsa  Revenmar,female,Tiefling,50,Ranger
416545-DGBK2L,Vencia  Falck,female,Dragonborn,42,Rogue
416546-0D1B4X,Vauldra  Voortham,female,Human,18,Barbarian
416547-GMPW5D,Brey  Irongull,female,Tiefling,60,Monk
416548-3GO8JN,Rosalyn  Voortham,female,Dragonborn,70,Monk
416549-42X2EZ,Mirabel  Irva,female,Elf,527,Monk
416550-C7FOV2,Beyla  Silvergraft,female,Half-Orc,58,Monk
416551-YGNMBY,Lokara  Stormchapel,female,Dragonborn,22,Ranger
416552-49E7EO,Venefiq  Grantham,female,Dwarf,105,Cleric
416553-BJLZY1,Marnia  Strong,female,Drow,221,Ranger
416554-UU9YMS,Velene  Wintermere,female,Githyanki,129,Wizard
416555-ZDXIMY,Irva  Varzand,female,Half-Elf,107,Ranger
416556-N4U9BX,Vronwe  Kroft,female,Dwarf,197,Druid
416557-F445CR,Beyla  Hackshield,female,Human,83,Rogue
416558-I8BIXO,Rokel  Roxley,female,Half-Elf,74,Wizard
416559-IQ2Q4Q,Venefiq  Dalicarlia,female,Drow,188,Cleric
416560-ERXDOU,Zebel  Garkalan,female,Elf,676,Warlock
416561-ADVWKS,Vronwe  Revenmar,female,Half-Elf,107,Paladin
416562-HY8NBI,Irva  Towerfall,female,Halfling,92,Fighter
416563-QUWRXZ,Tylsa  Goldrudder,female,Tiefling,83,Paladin
416564-E1HM38,Aryllan  Cresthill,female,Drow,146,Barbarian
416565-KSZBFF,Azura  Caskajaro,female,Gnome,101,Warlock
416566-ZZDVG7,Venefiq  Drakantal,female,Halfling,68,Sorcerer
416567-OQ2ZDO,Marnia  Iscalon,female,Halfling,79,Bard
416568-74V1QX,Lurka  Van Hyden,female,Tiefling,47,Warlock
416569-8ERTB7,Lorelei  Wygarthe,female,Half-Orc,20,Ranger
416570-4RS7GU,Irva  Shanks,female,Halfling,21,Rogue
416571-0ENV5S,Krystolari  Grantham,female,Drow,151,Monk
416572-N961J8,Mirabel  Ayrthwil,female,Drow,150,Bard
416573-8QEOZ0,Lokara  Grantham,female,Dwarf,93,Druid
416574-KZ4Z7W,Brey  Rockharvest,female,Drow,143,Wizard
416575-HWKMY9,Rosalyn  Vrye,female,Half-Elf,113,Rogue
416576-X8SYLE,Tanika  Welfer,female,Half-Elf,84,Monk
416577-MRUYP0,Azura  Silvergraft,female,Elf,392,Fighter
416578-4K43SA,Irva  Deepmiddens,female,Half-Elf,58,Fighter
416579-FYH1FK,Thirya  Dunhall,female,Gnome,161,Monk
416580-J4YK1B,Rokel  Umbermoor,female,Drow,89,Ranger
416581-3D5050,Praxana  Cresthill,female,Gnome,130,Warlock
416582-UI22KX,Ayrthwil  Rockharvest,female,Gnome,152,Ranger
416583-7N89LT,Rosalyn  Barrelhelm,female,Human,49,Barbarian
416584-AJW253,Mirabel  Vrye,female,Halfling,52,Cleric
416585-6ZX1TV,Rosalyn  Hindergrass,female,Elf,712,Sorcerer
416586-18KGYG,Vronwe  Rockharvest,female,Halfling,21,Sorcerer
416587-GSNPUE,Kasaki  Ereghast,female,Drow,111,Cleric
416588-VJLZFF,Lokara  Cresthill,female,Githyanki,108,Sorcerer
416589-LB7WXR,Tylsa  Hackshield,female,Halfling,92,Monk
416590-UM2LHG,Rokel  Velene,female,Dragonborn,56,Sorcerer
416591-CSOTDH,Saidi  Zereni,female,Half-Orc,28,Paladin
416592-HLMH1T,Atalya  Stormchapel,female,Dwarf,141,Paladin
416593-939AYQ,Lyfalia  Venefiq,female,Halfling,76,Barbarian
416594-6WW8YL,Vauldra  Kroft,female,Dwarf,286,Fighter
416595-68NTK6,Lokara  Hackshield,female,Tiefling,19,Rogue
416596-3N2QB6,Saidi  Daargen,female,Elf,540,Wizard
416597-GS8G8T,Aryllan  Zereni,female,Gnome,62,Ranger
416598-ACY15P,Praxana  Danamark,female,Human,74,Druid
416599-DTZ91X,Azura  Copperhearth,female,Dragonborn,19,Paladin
416600-70FQLD,Azura  Talandro,female,Human,60,Rogue
416601-B2UUIJ,Saidi  Thirya,female,Half-Elf,76,Cleric
416602-NWPAYT,Lorelei  Atalya,female,Dragonborn,42,Paladin
416603-XW1VZC,Atalya  Velene,female,Gnome,164,Sorcerer
416604-7D2KD1,Zebel  Gullscream,female,Half-Elf,22,Bard
416605-POXRTE,Lyfalia  Brightwater,female,Halfling,94,Bard
416606-O2T8FY,Rosalyn  Shaulfer,female,Elf,171,Paladin
416607-620N8T,Saidi  Ronefel,female,Dragonborn,50,Druid
416608-TEAVT8,Pharana  Webb,female,Elf,714,Druid
416609-K06MOX,Veklani Ambershard,female,Dragonborn,55,Bard
416610-SFH4GG,Aryllan  Ratley,female,Tiefling,25,Sorcerer
416611-24479Q,Roksana  Goldrudder,female,Half-Elf,71,Fighter
416612-TKCD0R,Pharana  Varzand,female,Githyanki,76,Cleric
416613-LEXDW6,Lorelei  Velene,female,Githyanki,96,Cleric
416614-LQWLVU,Azura  Cresthill,female,Tiefling,52,Wizard
416615-NLPAIH,Aryllan  Goldrudder,female,Dwarf,182,Paladin
416616-0P4E05,Lokara  Donoghan,female,Drow,206,Rogue
416617-QMKTGV,Roksana  Varzand,female,Dwarf,115,Paladin
416618-44FTJ5,Hallan  Wygarthe,female,Drow,138,Monk
416619-CCASBU,Ayrthwil  Copperhearth,female,Githyanki,191,Druid
416620-OV6TT9,Beyla  Van Devries,female,Half-Elf,37,Paladin
416621-Q1NI10,Venefiq  Towerfall,female,Drow,117,Sorcerer
416622-KQSOSX,Azura  Hindergrass,female,Githyanki,188,Fighter
416623-43WFSQ,Semil  Van Devries,male,Halfling,26,Monk
416624-G8X80R,Meklan  Leerstrom,male,Half-Elf,44,Monk
416625-MHRCNB,Jeras  Wintermere,male,Half-Orc,19,Warlock
416626-H6NQQB,Eandro  Goldrudder,male,Elf,129,Bard
416627-9LZS34,Tamond  Swiller,male,Tiefling,40,Warlock
416628-JTGXNX,Madian  Sell,male,Githyanki,205,Warlock
416629-4SN6SM,Dungarth  Roxley,male,Dwarf,309,Warlock
416630-5RRVSF,Navaren  Donoghan,male,Dragonborn,71,Warlock
416631-FCXHGN,Madian  Drakantal,male,Drow,161,Monk
416632-ZEI3ZR,Semil  Lamoth,male,Half-Elf,20,Rogue
416633-RHF4AB,Namen  Rockharvest,male,Gnome,118,Rogue
416634-UFWBUC,Hagar  Hindergrass,male,Githyanki,45,Rogue
416635-JG8VUA,Ningyan  Drakantal,male,Dwarf,182,Paladin
416636-ZXKDQ9,Vanan  Ratley,male,Elf,353,Druid
416637-5G3V23,Hagar  Fryft,male,Gnome,64,Paladin
416638-GXJ0MQ,Nilus  Kroft,male,Half-Elf,101,Ranger
416639-VINDH4,Arando  Talandro,male,Halfling,65,Ranger
416640-SPFDRW,Fenton  Bilger,male,Halfling,89,Fighter
416641-B2SERE,Taran  Kreel,male,Half-Orc,57,Ranger
416642-V361XS,Norris  Grimtor,male,Dwarf,72,Cleric
416643-NBTI22,Eandro  Fallenbridge,male,Half-Elf,91,Cleric
416644-NV01ZD,Markus  Moonridge,male,Gnome,120,Paladin
416645-ERI4K5,Vanan  Deepmiddens,male,Human,59,Fighter
416646-OGZ2UE,Anlow  Welfer,male,Half-Elf,28,Barbarian
416647-AXYLNF,Tamond  Stavenger,male,Dragonborn,24,Rogue
416648-XJ4PNJ,Ningyan  Goldrudder,male,Half-Orc,44,Monk
416649-Y1O2RN,Fenton  Deepmiddens,male,Human,71,Ranger
416650-TJLMZ0,Sevenson  Wilxes,male,Elf,205,Warlock
416651-4X0QZF,Semil  Hindergrass,male,Drow,210,Cleric
416652-HOMTZZ,Tegan  Cresthill,male,Tiefling,26,Warlock
416653-F8ADF7,Leyten  Lynchfield,male,Human,45,Bard
416654-PCHCBN,Dungarth  Markolak,male,Human,41,Paladin
416655-9WSZV8,Falken  Zatchet,male,Dwarf,216,Sorcerer
416656-3XPHX2,Tamond  Cresthill,male,Gnome,155,Warlock
416657-KBVSIG,Semil  Graylock,male,Tiefling,70,Paladin
416658-BIAF92,Falken  Ratley,male,Gnome,78,Paladin
416659-MOVS0C,Tamond  Faringray,male,Dragonborn,69,Paladin
416660-DK36M8,Rosalyn  Varcona,female,Dwarf,194,Druid
416661-JVH7UJ,Roksana  Silvertarn,female,Halfling,38,Warlock
416662-ODCK82,Tanika  Falck,female,Dwarf,62,Barbarian
416663-853UY8,Kasaki  Garkalan,female,Halfling,61,Sorcerer
416664-U118QQ,Remora  Drumwind,female,Gnome,152,Druid
416665-VAECW9,Tura  Umbermoor,female,Drow,165,Cleric
416666-YIL8SA,Vencia  Oakenheart,female,Tiefling,69,Sorcerer
416667-3IDY3C,Fenryl  Caskajaro,female,Half-Elf,98,Sorcerer
416668-7RM6J8,Xandrilla  Ratley,female,Githyanki,125,Rogue
416669-Y6RH05,Velene  Hollowpot,female,Half-Orc,42,Bard
416670-HHIWFD,Marnia  Cresthill,female,Dragonborn,52,Sorcerer
416671-7YXW1T,Ayrthwil  Wygarthe,female,Halfling,99,Sorcerer
416672-BRWR96,Thirya  Shadowhorn,female,Dwarf,65,Wizard
416673-5R96KH,Marnia  Skandalor,female,Tiefling,37,Paladin
416674-UB2RTS,Roksana  Serechor,female,Halfling,67,Barbarian
416675-OYG9ZQ,Vauldra  Donoghan,female,Tiefling,22,Monk
416676-YAHULW,Lokara  Evenwind,female,Human,52,Sorcerer
416677-JTIQWN,Brey  Szereban,female,Drow,118,Druid
416678-RHZN4K,Remora  Coyle,female,Dragonborn,18,Cleric
416679-GEUIDJ,Veklani  Strong,female,Elf,198,Sorcerer
416680-IPNF8F,Tanika  Goldrudder,female,Elf,713,Warlock
416681-3GR94S,Azura  Faringray,female,Half-Elf,42,Ranger
416682-Z2KUUO,Lorelei Arkalis,female,Half-Orc,32,Warlock
416683-YC3RWQ,Lurka  Deepstrider,female,Dwarf,311,Bard
416684-MMU7JA,Lyfalia  Pyncion,female,Human,80,Monk
416685-E58HUX,Irva  Szereban,female,Half-Elf,115,Barbarian
416686-G2MYR0,Veklani  Donoghan,female,Elf,685,Wizard
416687-6NKWFG,Tura  Wygarthe,female,Gnome,148,Sorcerer
416688-3MWU4C,Krystolari  Redraven,female,Elf,310,Warlock
416689-FILKJX,Aryllan  Graylock,female,Elf,477,Paladin
416690-JQ5NV8,Krystolari  Varcona,female,Tiefling,91,Rogue
416691-OGA0X7,Lokara  Shadowhorn,female,Human,19,Rogue
416692-ZCGDC5,Lurka  Shaulfer,female,Dragonborn,34,Druid
416693-TAO1CJ,Marnia  Domarien,female,Gnome,157,Cleric
416694-FX5LIK,Irva  Kroft,female,Gnome,80,Ranger
416695-WE4BX4,Lurka  Lynchfield,female,Dragonborn,24,Monk
416696-LR9TJQ,Thurlfara  Fletcher,female,Githyanki,87,Wizard
416697-8ZGVWW,Praxana  Briarfell,female,Githyanki,174,Druid
416698-USXLMT,Lyfalia  Wilxes,female,Half-Orc,44,Cleric
416699-2PNJKA,Ayrthwil  Zereni,female,Drow,220,Ranger
416700-34MQA7,Sachil  Talandro,female,Halfling,73,Wizard
416701-8RAPKI,Velene  Cresthill,female,Tiefling,85,Druid
416702-ANOUOF,Aryllan  Pyncion,female,Halfling,35,Monk
416703-0ONJPI,Tylsa  Mooncairn,female,Half-Elf,123,Cleric
416704-163YK0,Ronefel  Shattermast,female,Half-Elf,82,Fighter
416705-3O4GKW,Krystolari  Woodenhawk,female,Gnome,73,Bard
416706-WJWGAB,Lurka  Blackstrand,female,Gnome,180,Barbarian
416707-TGDJZ0,Praxana Amarzian,female,Half-Orc,54,Druid
416708-IFRML2,Thirya  Riverwall,female,Half-Elf,82,Sorcerer
416709-9Q2L48,Hallan  Ratley,female,Half-Orc,45,Ranger
416710-C1CQG4,Brey  Deepmiddens,female,Gnome,172,Ranger
416711-33E1I1,Hallan  Roxley,female,Drow,161,Druid
416712-P0BQ1S,Pharana  Fryft,female,Dwarf,187,Warlock
416713-9RYLLW,Aryllan  Evermead,female,Halfling,44,Sorcerer
416714-B7SJWH,Mirabel  Targana,female,Half-Elf,122,Ranger
416715-55HEWL,Saidi  Zatchet,female,Gnome,135,Druid
416716-GJE2AB,Mirabel  Puddle,female,Dwarf,174,Cleric
416717-2RVNDF,Irva  Dunhall,female,Half-Orc,33,Ranger
416718-DW79WC,Fenryl  Roxley,female,Human,46,Rogue
416719-XZ2EI9,Vauldra  Lamoth,female,Dwarf,235,Warlock
416720-212PGY,Mirabel  Yellowcrane,female,Half-Orc,26,Bard
416721-ME6RPK,Saidi  Umbermoor,female,Half-Elf,73,Sorcerer
416722-ZGGM0J,Hallan Autumnloft,female,Half-Elf,55,Monk
416723-36TCFK,Venefiq  Pyncion,female,Githyanki,221,Cleric
416724-JNAWNG,Lurka  Wygarthe,female,Tiefling,31,Druid
416725-A41IZX,Velene  Balefrost,female,Tiefling,47,Ranger
416726-TNSRTW,Tylsa  Targana,female,Half-Elf,71,Wizard
416727-LXDSC4,Praxana Angler,female,Tiefling,69,Bard
416728-E5HRDU,Aryllan  Stormchapel,female,Githyanki,122,Barbarian
416729-4XSZJN,Sachil  Romazi,female,Human,25,Wizard
416730-VC7HR6,Krystolari  Hindergrass,female,Drow,170,Barbarian
416731-C2CU7O,Saidi  Stormchapel,female,Drow,223,Warlock
416732-NZ3JBC,Ronefel  Romazi,female,Drow,209,Warlock
416733-K88D0T,Pharana  Graytrails,female,Drow,99,Paladin
416734-GSIWG0,Vronwe  Bilger,female,Tiefling,63,Rogue
416735-ODWMQX,Aryllan  Carnago,female,Dragonborn,76,Ranger
416736-5GGOMF,Venefiq  Balefrost,female,Human,44,Paladin
416737-9PML9L,Ayrthwil  Kreel,female,Half-Elf,72,Bard
416738-N1P0VU,Hallan  Wilxes,female,Drow,187,Paladin
416739-H17J8Q,Saidi  Serechor,female,Halfling,49,Fighter
416740-O09VS9,Vauldra  Van Devries,female,Human,87,Wizard
416741-KKH4A3,Thurlfara  Daggersharp,female,Half-Orc,20,Rogue
416742-YJTU7F,Rokel  Tryphon,female,Drow,217,Bard
416743-BMENUI,Veklani Angler,female,Tiefling,48,Wizard
416744-3DO700,Vauldra  Hindergrass,female,Halfling,72,Sorcerer
416745-2G3YU6,Saidi  Zarkanan,female,Half-Orc,55,Warlock
416746-VK0UCC,Irva  Faringray,female,Human,89,Rogue
416747-1M3O55,Tanika  Fallenbridge,female,Dragonborn,32,Wizard
416748-IXVA1N,Venefiq  Varcona,female,Tiefling,94,Barbarian
416749-KBTFSH,Beyla  Summergale,female,Githyanki,96,Ranger
416750-B0OQVS,Xandrilla  Atalya,female,Half-Elf,116,Ranger
416751-HKOECU,Venefiq  Deepstrider,female,Elf,383,Wizard
416752-BODS1E,Velene  Irva,female,Elf,439,Barbarian
416753-EURXHW,Tanika  Raftmite,female,Halfling,60,Fighter
416754-0IC1L7,Roksana  Ereghast,female,Half-Orc,19,Paladin
416755-DYPMLV,Lokara  Falck,female,Half-Elf,25,Wizard
416756-AK9W9P,Praxana  Dalicarlia,female,Drow,184,Barbarian
416757-FB3HN1,Lorelei Ambershard,female,Elf,521,Monk
416758-4EB875,Pharana  Drumwind,female,Halfling,84,Paladin
416759-3AYEQA,Marnia  Vrago,female,Drow,117,Wizard
416760-HTHSJR,Saidi  Van Devries,female,Gnome,186,Rogue
416761-0FZAUX,Lurka  Umbermoor,female,Halfling,100,Warlock
416762-BGK2WB,Saidi  Riverwall,female,Half-Elf,113,Warlock
416763-XANJ4X,Ayrthwil  Sell,female,Tiefling,42,Ranger
416764-5A5XIN,Velene  Deepstrider,female,Half-Elf,38,Paladin
416765-9DL5TG,Tura  Vrago,female,Dragonborn,73,Bard
416766-SQ7AIT,Aryllan  Bilger,female,Gnome,63,Bard
416767-MOFMMW,Thirya  Trevethor,female,Elf,260,Cleric
416768-I9S3W5,Ayrthwil  Zethergyll,female,Half-Orc,19,Fighter
416769-63BTKF,Aryllan  Hindergrass,female,Githyanki,137,Sorcerer
416770-6XDN8W,Tanika  Brightwater,female,Githyanki,97,Bard
416771-WIIF86,Remora  Zarkanan,female,Tiefling,87,Wizard
416772-LTHET2,Irva  Barrelhelm,female,Githyanki,212,Cleric
416773-5LZSE9,Lokara  Shattermast,female,Githyanki,150,Monk
416774-9F77LU,Irva  Coyle,female,Half-Elf,110,Paladin
416775-8EL501,Thurlfara  Fryft,female,Tiefling,29,Warlock
416776-5OOP76,Rokel  Trevethor,female,Elf,219,Monk
416777-7J2DG1,Cale  Drakantal,male,Dragonborn,19,Cleric
416778-WJUIIY,Tavon  Stormwolf,male,Half-Elf,121,Druid
416779-MYRSVZ,Gryphero  Vrye,male,Dragonborn,70,Ranger
416780-N4REGB,Gryphero  Silverfin,male,Dragonborn,18,Druid
416781-1AJO09,Dodd  Velene,male,Dragonborn,36,Fighter
416782-1C795R,Madian  Roxley,male,Dwarf,87,Bard
416783-LQIOB0,Jeras  Graytrails,male,Gnome,93,Monk
416784-NLW0VS,Meklan  Velene,male,Half-Orc,44,Warlock
416785-52SQ3B,Anlow  Skandalor,male,Human,82,Wizard
416786-9SO0US,Vincent  Grantham,male,Gnome,159,Bard
416787-WBKOK3,Taran  Cresthill,male,Gnome,168,Ranger
416788-QPWBSF,Dalkon  Balefrost,male,Dwarf,231,Wizard
416789-3Q0E27,Lavant  Vrye,male,Human,31,Ranger
416790-ZEOQGV,Tegan  Dalicarlia,male,Half-Elf,66,Druid
416791-ZHQJY6,Norris  Deepmiddens,male,Elf,660,Fighter
416792-2ZEEQN,Dungarth  Falck,male,Half-Orc,27,Monk
416793-SN2S8N,Krynt  Menetrian,male,Half-Elf,106,Fighter
416794-N16UXF,Nerle  Revenmar,male,Elf,390,Wizard
416795-5GZPL1,Feck  Hollowpot,male,Human,30,Ranger
416796-QWEEHW,Dalkon  Deepstrider,male,Tiefling,60,Monk
416797-JQ4TA5,Vanan  Blackstrand,male,Half-Elf,120,Ranger
416798-IVROCV,Cale  Kreel,male,Dragonborn,58,Wizard
416799-ITWU3B,Hagar  Brightwater,male,Human,90,Fighter
416800-FXB4Y4,Anlow  Pyncion,male,Half-Elf,92,Sorcerer
416801-K7BPGY,Hagar  Moonridge,male,Dwarf,105,Fighter
416802-VYV2GQ,Tegan  Fallenbridge,male,Tiefling,22,Sorcerer
416803-U7DKNN,Gryphero  Ayrthwil,male,Half-Elf,24,Barbarian
416804-CPTKEZ,Malfier  Vrye,male,Dwarf,231,Cleric
416805-JSSZWD,Bram  Vrago,male,Half-Elf,72,Cleric
416806-0W9RY7,Lavant  Zatchet,male,Gnome,164,Rogue
416807-9KVLS9,Lavant  Moonridge,male,Half-Orc,52,Fighter
416808-MEUSWR,Tavon  Grimtor,male,Dwarf,280,Barbarian
416809-GVZ9AA,Anlow Autumnloft,male,Half-Elf,109,Druid
416810-WE429O,Feck  Oakenheart,male,Elf,536,Monk
416811-MUWAHK,Hagar  Atalya,male,Drow,154,Sorcerer
416812-2LSLAY,Dalkon  Deepmiddens,male,Dwarf,294,Monk
416813-M0WBGL,Taran  Summergale,male,Half-Orc,56,Wizard
416814-MY62XR,Bram  Stormchapel,male,Drow,114,Fighter
416815-W6TM2O,Taran  Willowrush,male,Tiefling,40,Fighter
416816-04K0LT,Jeras  Shanks,male,Human,90,Wizard
416817-HY25M8,Madian  Van Gandt,male,Half-Elf,119,Cleric
416818-KB9W4U,Sevenson  Dalicarlia,male,Tiefling,82,Sorcerer
416819-OV51ZL,Sevenson  Meluzan,male,Githyanki,51,Warlock
416820-BORIQ8,Dyrk  Armanci,male,Half-Orc,21,Fighter
416821-HKE226,Vanan  Drumwind,male,Dwarf,53,Ranger
416822-PARSG7,Nerle  Zethergyll,male,Gnome,154,Wizard
416823-0S1F53,Quentin  Dalicarlia,male,Elf,554,Ranger
416824-7YE0QZ,Vincent  Vrye,male,Drow,177,Warlock
416825-SA7YVD,Daylen  Cuttlescar,male,Drow,162,Fighter
416826-QBSXLU,Jeras  Caskajaro,male,Dragonborn,71,Cleric
416827-L6LGJL,Malfier  Deepstrider,male,Half-Elf,37,Wizard
416828-PEFJAW,Taran  Fletcher,male,Dragonborn,80,Wizard
416829-SHMLFZ,Taran  Coldshore,male,Tiefling,92,Cleric
416830-KICWMP,Fenton  Swiller,male,Human,50,Cleric
416831-EQYDBP,Daylen  Talandro,male,Dwarf,99,Sorcerer
416832-GVV4ZW,Vanan  Yellowcrane,male,Dragonborn,44,Fighter
416833-L3ZYT9,Ningyan  Varzand,male,Human,53,Paladin
416834-1QE37Q,Cale  Pyncion,male,Half-Orc,43,Fighter
416835-QYZQII,Tamond  Daggersharp,male,Drow,167,Warlock
416836-4W6OZX,Nilus  Battlestone,male,Human,21,Druid
416837-25QBRM,Semil  Irongull,male,Half-Elf,87,Barbarian
416838-QG1VED,Semil  Zereni,male,Dragonborn,80,Druid
416839-32LX2T,Tegan  Kreel,male,Dwarf,268,Sorcerer
416840-OOWT9N,Dodd  Balefrost,male,Halfling,56,Fighter
416841-M3V2P2,Falken  Wintermere,male,Tiefling,58,Cleric
416842-TIXC7U,Arando  Fryft,male,Tiefling,66,Sorcerer
416843-RVQT3G,Taran  Garkalan,male,Gnome,141,Barbarian
416844-8CD31N,Krynt  Fryft,male,Dwarf,141,Fighter
416845-RXD356,Tamond  Raftmite,male,Elf,236,Monk
416846-WAFFTO,Fenton  Romazi,male,Tiefling,22,Wizard
416847-UHYLU6,Quentin  Irva,male,Elf,305,Rogue
416848-K7P9MD,Jeras  Armanci,male,Githyanki,140,Wizard
416849-A9OEKN,Namen  Dunhall,male,Elf,621,Rogue
416850-TBZ3M5,Lavant  Daggersharp,male,Half-Orc,29,Paladin
416851-5IZOLN,Krynt  Wygarthe,male,Elf,678,Ranger
416852-NTXRGN,Hagar  Grimtor,male,Half-Elf,93,Sorcerer
416853-74F9YE,Tamond  Tanglestrand,male,Githyanki,110,Cleric
416854-CAZRP9,Tegan  Shaulfer,male,Tiefling,29,Monk
416855-DXOQ2V,Cale  Varcona,male,Dragonborn,59,Warlock
416856-PGSTQM,Nerle  Fletcher,male,Githyanki,102,Cleric
416857-GVU4IS,Navaren  Ratley,male,Drow,122,Sorcerer
416858-OTN9UZ,Dodd  Stormwolf,male,Dwarf,110,Rogue
416859-ERYF09,Fenton  Summergale,male,Tiefling,53,Monk
416860-92QC6D,Cale  Brightwater,male,Dragonborn,50,Rogue
416861-R08CW2,Vincent  Irongull,male,Tiefling,79,Monk
416862-LBM2QS,Eandro  Van Gandt,male,Human,71,Paladin
416863-Q0P82K,Namen  Serechor,male,Drow,137,Ranger
416864-B700UC,Falken  Silverfin,male,Drow,123,Warlock
416865-RGB93W,Arando  Van Hyden,male,Halfling,56,Cleric
416866-KCS4KE,Navaren  Dunhall,male,Human,48,Rogue
416867-K4AEGV,Hagar  Deepstrider,male,Drow,107,Ranger
416868-FQ3JZR,Vincent  Zatchet,male,Drow,139,Cleric
416869-25MDF7,Dalkon  Paradas,male,Dwarf,192,Ranger
416870-FR91IP,Taran Angler,male,Githyanki,66,Paladin
416871-WH0MX1,Semil  Yellowcrane,male,Githyanki,54,Barbarian
416872-EGOK01,Krynt  Shattermast,male,Dwarf,155,Warlock
416873-TNZRF5,Norris  Zereni,male,Drow,221,Bard
416874-A7QY8Y,Meklan  Drumwind,male,Drow,210,Monk
416875-B7W8P7,Dyrk  Summergale,male,Halfling,41,Druid
416876-4MJDXO,Feck  Romazi,male,Gnome,67,Fighter
416877-100VHM,Daylen  Welfer,male,Elf,702,Druid
416878-YGTY3A,Krynt  Copperhearth,male,Half-Elf,20,Druid
416879-DDQHKG,Anlow  Ratley,male,Drow,218,Cleric
416880-AD7X48,Sevenson  Graylock,male,Halfling,88,Fighter
416881-WZE4EX,Anlow  Iscalon,male,Dragonborn,39,Sorcerer
416882-6U86ZJ,Madian  Paradas,male,Half-Elf,15,Wizard
416883-Q7W7JP,Bram  Deepstrider,male,Drow,205,Bard
416884-61LFC1,Lavant  Van Hyden,male,Halfling,23,Warlock
416885-NLC8JP,Dyrk  Kreel,male,Tiefling,64,Druid
416886-R7VGRF,Quentin  Stormchapel,male,Drow,132,Monk
416887-1HX6ZD,Quentin  Fletcher,male,Elf,378,Ranger
416888-CUJQ6F,Vincent  Stormwolf,male,Tiefling,90,Ranger
416889-X7XJZ6,Sevenson  Tricker,male,Half-Elf,69,Sorcerer
416890-US7RP4,Feck Autumnloft,male,Half-Elf,108,Warlock
416891-22TA83,Vanan  Fallenbridge,male,Gnome,173,Barbarian
416892-RU7MYO,Malfier  Silvergraft,male,Tiefling,83,Wizard
416893-W8DT8C,Dalkon  Puddle,male,Halfling,36,Rogue
416894-Q1XGBN,Tura  Daggersharp,female,Dwarf,282,Druid
416895-GZ6WMD,Atalya  Daargen,female,Dwarf,201,Wizard
416896-W0FGZV,Tura  Stormchapel,female,Githyanki,58,Druid
416897-RCTLT4,Veklani  Iscalon,female,Dragonborn,30,Monk
416898-Q9BC2B,Kasaki  Faringray,female,Dwarf,277,Warlock
416899-E3YQY5,Kasaki  Fletcher,female,Tiefling,72,Barbarian
416900-FU7BFX,Marnia  Drumwind,female,Human,78,Paladin
416901-Q7BZEG,Ronefel  Summergale,female,Tiefling,50,Warlock
416902-BL2QGV,Lyfalia  Targana,female,Human,26,Bard
416903-3DR2H2,Fenryl  Wygarthe,female,Dragonborn,32,Monk
416904-P39YL9,Aryllan  Danamark,female,Drow,151,Rogue
416905-UE421V,Hallan  Trelenus,female,Gnome,89,Bard
416906-MEFOZT,Krystolari  Blackstrand,female,Gnome,150,Fighter
416907-P7BD4W,Tanika  Stormchapel,female,Halfling,30,Rogue
416908-1ARAGD,Praxana  Sarzan,female,Human,43,Rogue
416909-X5O31Y,Rokel  Coyle,female,Human,24,Wizard
416910-HXSO7V,Tanika  Carnago,female,Half-Orc,32,Rogue
416911-BGR8W2,Rosalyn  Fryft,female,Dragonborn,35,Bard
416912-MAIETD,Atalya  Raftmite,female,Dwarf,309,Barbarian
416913-N1TH1X,Lurka  Cresthill,female,Half-Orc,33,Ranger
416914-JG2Y8R,Fenryl  Velene,female,Githyanki,100,Sorcerer
416915-GYBXKP,Vencia  Varzand,female,Drow,196,Rogue
416916-M21B07,Ronefel Angler,female,Elf,735,Druid
416917-G2RE6Z,Zebel  Tryphon,female,Human,80,Druid
416918-VLHYL2,Aryllan  Kreel,female,Dragonborn,24,Fighter
416919-LD05NH,Brey  Fryft,female,Half-Orc,57,Wizard
416920-QR6F7Q,Tura  Serechor,female,Dragonborn,55,Cleric
416921-NEZW9H,Veklani  Ronefel,female,Half-Orc,14,Wizard
416922-EYCE4Q,Kasaki  Shattermast,female,Half-Orc,39,Warlock
416923-GM5V2W,Veklani  Shaulfer,female,Dwarf,101,Druid
416924-WG84D4,Markus  Towerfall,male,Elf,623,Druid
416925-R9V4K0,Arando  Ereghast,male,Gnome,141,Wizard
416926-0ILU6V,Tegan  Venefiq,male,Drow,128,Wizard
416927-FUA9BQ,Semil  Caskajaro,male,Elf,661,Ranger
416928-1BTR23,Nilus  Hackshield,male,Dragonborn,19,Cleric
416929-QIUA08,Nerle  Briarfell,male,Gnome,62,Barbarian
416930-EKXDRK,Bram  Welfer,male,Dwarf,175,Sorcerer
416931-Z40AQ1,Dungarth  Shanks,male,Elf,230,Fighter
416932-5O2NQW,Steveren  Leerstrom,male,Drow,176,Rogue
416933-4C6LBP,Lavant  Kroft,male,Dwarf,162,Fighter
416934-J8T22C,Anlow  Velene,male,Githyanki,202,Bard
416935-50B8Y5,Dyrk  Puddle,male,Githyanki,80,Wizard
416936-DNWNGU,Daylen  Hollowpot,male,Halfling,53,Druid
416937-CZH9IE,Krynt  Towerfall,male,Elf,571,Wizard
416938-R7U8H0,Semil  Webb,male,Drow,118,Bard
416939-IMJYJC,Dyrk  Barrelhelm,male,Gnome,184,Cleric
416940-MRSEZY,Talfen  Ronefel,male,Half-Orc,23,Rogue
416941-TKW283,Gryphero  Dunhall,male,Tiefling,80,Fighter
416942-7C6QC6,Sevenson  Caskajaro,male,Githyanki,102,Barbarian
416943-K8DJZR,Dyrk  Irva,male,Halfling,36,Druid
416944-5SWK8T,Madian  Oakenheart,male,Halfling,45,Druid
416945-EMPXKC,Vanan  Talandro,male,Half-Elf,96,Druid
416946-5I8XOM,Dodd  Seratolva,male,Half-Orc,17,Sorcerer
416947-XLVZ4Q,Ningyan Ambershard,male,Half-Elf,81,Sorcerer
416948-KE2GJR,Sevenson  Daggersharp,male,Elf,309,Ranger
416949-81BMQF,Anlow  Daargen,male,Githyanki,30,Ranger
416950-7ZK94Y,Gryphero  Brightwater,male,Dwarf,272,Bard
416951-XFIBLE,Norris  Drakantal,male,Elf,158,Rogue
416952-JGUBLM,Dyrk  Ereghast,male,Tiefling,79,Barbarian
416953-NTFK7O,Tegan Angler,male,Githyanki,172,Monk
416954-RFQLA0,Talfen  Shaulfer,male,Half-Elf,93,Warlock
416955-9LZRK7,Markus  Silvertarn,male,Drow,133,Bard
416956-9UFU6P,Meklan  Tricker,male,Human,37,Druid
416957-Y06FTL,Lavant  Garkalan,male,Human,19,Ranger
416958-O4QDBX,Leyten  Dalicarlia,male,Githyanki,137,Bard
416959-VH7KAT,Dungarth  Willowrush,male,Dwarf,184,Ranger
416960-QYDSHL,Vincent  Talandro,male,Elf,718,Bard
416961-V76MF4,Sevenson  Yellowcrane,male,Halfling,68,Ranger
416962-NNKM95,Falken  Puddle,male,Half-Elf,95,Druid
416963-D0P92K,Namen  Netheridge,male,Halfling,94,Bard
416964-38P6FV,Tavon  Paradas,male,Half-Elf,45,Rogue
416965-DHR59C,Bram  Carnago,male,Human,59,Sorcerer
416966-81DO6O,Navaren  Moonridge,male,Githyanki,153,Druid
416967-UZ1EGN,Dalkon  Brightwater,male,Gnome,195,Sorcerer
416968-TB34KU,Tegan  Van Gandt,male,Human,38,Ranger
416969-QAAJ84,Fenton  Kreel,male,Drow,156,Fighter
416970-RX6PRY,Cale  Grimtor,male,Human,44,Sorcerer
416971-IEJ9C0,Ningyan  Summergale,male,Half-Elf,52,Barbarian
416972-UU5WRY,Dodd  Deepmiddens,male,Half-Elf,100,Sorcerer
416973-ESU4FC,Dyrk  Iscitan,male,Elf,586,Paladin
416974-L5EFJP,Tegan  Van Devries,male,Human,77,Bard
416975-6MKT7S,Arando  Summergale,male,Gnome,160,Wizard
416976-1GD1T5,Madian  Atalya,male,Gnome,151,Ranger
416977-3YKYYD,Hagar  Daggersharp,male,Tiefling,86,Warlock
416978-U3ASNR,Falken  Lamoth,male,Drow,203,Druid
416979-M6DFHG,Nilus  Falck,male,Halfling,57,Sorcerer
416980-6W3STT,Quentin Autumnloft,male,Dwarf,99,Warlock
416981-1EQC37,Bram  Grantham,male,Dragonborn,43,Sorcerer
416982-RLN36V,Tegan  Willowrush,male,Half-Orc,19,Ranger
416983-1MZB3I,Krynt  Raftmite,male,Githyanki,223,Barbarian
416984-4FIEEC,Cale  Hollowpot,male,Human,51,Fighter
416985-Y2C11B,Meklan  Strong,male,Half-Elf,68,Paladin
416986-D2SCEJ,Steveren  Stavenger,male,Githyanki,144,Sorcerer
416987-CY127H,Jeras  Kreel,male,Human,56,Fighter
416988-6GMD47,Anlow  Evenwind,male,Tiefling,48,Ranger
416989-8MFS0I,Cale  Vadu,male,Half-Orc,54,Warlock
416990-UDUAHG,Dalkon  Romazi,male,Gnome,168,Cleric
416991-K6T9DH,Sevenson  Dunhall,male,Half-Elf,29,Monk
416992-SZNVP8,Navaren  Daggersharp,male,Dragonborn,37,Rogue
416993-GMNHIE,Falken  Kroft,male,Drow,198,Ranger
416994-9EDE1Z,Leyten  Romazi,male,Dwarf,213,Rogue
416995-UBLEKV,Namen  Stormchapel,male,Gnome,89,Fighter
416996-L9PTK4,Ningyan  Stormchapel,male,Half-Elf,59,Warlock
416997-GC4RYG,Jeras  Serechor,male,Dwarf,253,Fighter
416998-9RDPXD,Ningyan  Ronefel,male,Gnome,92,Fighter
416999-FOVD79,Feck  Coyle,male,Elf,585,Rogue
417000-C9MV9E,Steveren Arkalis,male,Drow,205,Druid
417001-40KZUJ,Sevenson  Zereni,male,Elf,705,Monk
417002-2XORVO,Dyrk  Ramcrown,male,Tiefling,69,Fighter
417003-RK1DJR,Dungarth  Riverwall,male,Gnome,120,Warlock
417004-WEDBCY,Hagar  Coyle,male,Gnome,67,Rogue
417005-8NYFWD,Markus  Mooncairn,male,Dwarf,198,Rogue
417006-C112HX,Namen  Strong,male,Gnome,128,Fighter
417007-RJM4T8,Feck  Shadowhorn,male,Drow,209,Warlock
417008-BP6NLN,Lavant  Grimtor,male,Dragonborn,42,Ranger
417009-QBU4KZ,Nilus  Van Devries,male,Gnome,164,Bard
417010-REZRDY,Arando  Armanci,male,Dragonborn,22,Cleric
417011-XYUR4S,Fenton  Moonridge,male,Gnome,142,Ranger
